NAME,total_population,median_household_income,median_home_value,bachelors_degree,education_total,unemployed,labor_force_total,owner_occupied,housing_total,median_age,median_gross_rent,commute_total,commute_60plus_min,housing_units_total,built_2020_later,built_2010_2019,state,county,tract,GEOID,pct_bachelors,unemployment_rate,pct_owner_occupied,pct_new_housing,pct_long_commute
Census Tract 1.01; Hillsborough County; Florida,4169,42121,223500,349,1953,91,3671,524,1652,23.9,1259,1849,99,1827,0,179,12,057,000101,12057000101,0.1786994367639529,0.024788885862162897,0.3171912832929782,0.09797482211275314,0.053542455381287185
Census Tract 1.02; Hillsborough County; Florida,6161,31411,214200,634,4311,709,4746,1004,2643,40.4,1019,2071,0,2796,37,0,12,057,000102,12057000102,0.1470656460218047,0.1493889591234724,0.3798713583049565,0.013233190271816882,0.0
Census Tract 2.01; Hillsborough County; Florida,3340,27375,191700,132,2185,239,2579,216,1378,31.8,914,1265,54,1593,0,0,12,057,000201,12057000201,0.06041189931350115,0.09267157813105854,0.1567489114658926,0.0,0.042687747035573126
Census Tract 2.02; Hillsborough County; Florida,5975,35500,157500,207,3306,228,4310,604,1896,28.7,1293,2234,188,2081,0,29,12,057,000202,12057000202,0.06261343012704174,0.052900232018561484,0.31856540084388185,0.013935607880826525,0.08415398388540735
Census Tract 3.01; Hillsborough County; Florida,5312,40953,172600,374,3577,184,4097,571,1717,35.4,1113,2067,135,1856,7,135,12,057,000301,12057000301,0.10455689124965055,0.04491091042226019,0.33255678509027375,0.07650862068965517,0.06531204644412192
Census Tract 3.02; Hillsborough County; Florida,3028,41766,196800,581,1949,33,2319,532,1201,34.5,1379,1405,89,1201,0,16,12,057,000302,12057000302,0.29810159055926116,0.014230271668822769,0.44296419650291424,0.013322231473771857,0.06334519572953737
Census Tract 4.01; Hillsborough County; Florida,2323,53750,222400,303,1721,50,2009,603,964,40.6,1134,1112,11,1103,0,23,12,057,000401,12057000401,0.17606042998256827,0.024888003982080638,0.6255186721991701,0.02085222121486854,0.009892086330935251
Census Tract 4.02; Hillsborough County; Florida,3340,49634,192300,129,2114,71,2788,569,1092,38.0,1265,1527,24,1207,0,0,12,057,000402,12057000402,0.061021759697256386,0.025466284074605453,0.5210622710622711,0.0,0.015717092337917484
Census Tract 5; Hillsborough County; Florida,4157,77656,248400,802,3100,129,3541,1391,1573,41.5,2038,1599,60,1639,0,8,12,057,000500,12057000500,0.25870967741935486,0.03643038689635696,0.8842975206611571,0.004881025015253203,0.0375234521575985
Census Tract 6.01; Hillsborough County; Florida,5106,51796,193500,465,3649,175,4214,579,1854,33.2,1364,2573,40,2132,0,25,12,057,000601,12057000601,0.1274321731981365,0.04152823920265781,0.3122977346278317,0.01172607879924953,0.01554605518849592
Census Tract 6.02; Hillsborough County; Florida,2655,50390,162000,169,1874,37,2201,639,1016,42.2,1142,953,35,1103,0,11,12,057,000602,12057000602,0.09018143009605123,0.016810540663334848,0.6289370078740157,0.009972801450589302,0.03672612801678909
Census Tract 7.01; Hillsborough County; Florida,3669,34779,164300,131,1915,175,2333,235,1101,27.6,1307,1099,66,1190,0,10,12,057,000701,12057000701,0.06840731070496084,0.07501071581654523,0.2134423251589464,0.008403361344537815,0.06005459508644222
Census Tract 7.02; Hillsborough County; Florida,2604,26344,142900,164,1737,143,2016,499,1034,33.7,1006,802,49,1180,0,28,12,057,000702,12057000702,0.09441565918249856,0.07093253968253968,0.4825918762088975,0.023728813559322035,0.06109725685785536
Census Tract 8; Hillsborough County; Florida,4090,60517,194300,344,2512,96,3087,850,1338,32.4,1435,1584,12,1443,22,38,12,057,000800,12057000800,0.13694267515923567,0.031098153547133137,0.6352765321375187,0.04158004158004158,0.007575757575757576
Census Tract 9.01; Hillsborough County; Florida,2572,41139,159500,153,1671,188,1984,405,1048,34.3,1384,922,22,1112,0,79,12,057,000901,12057000901,0.09156193895870736,0.09475806451612903,0.38645038167938933,0.0710431654676259,0.02386117136659436
Census Tract 9.02; Hillsborough County; Florida,4459,35034,213100,511,3364,224,3748,573,2530,35.9,1123,2147,41,2834,15,0,12,057,000902,12057000902,0.1519024970273484,0.05976520811099253,0.22648221343873517,0.00529287226534933,0.019096413600372612
Census Tract 10.01; Hillsborough County; Florida,3834,34212,199900,115,2175,88,2645,243,1368,28.6,1084,1541,41,1410,0,68,12,057,001001,12057001001,0.052873563218390804,0.0332703213610586,0.17763157894736842,0.04822695035460993,0.026606099935107073
Census Tract 10.02; Hillsborough County; Florida,5377,43672,174700,359,3683,174,4327,1334,1927,37.5,1410,2030,160,2122,0,13,12,057,001002,12057001002,0.09747488460494162,0.0402126184423388,0.6922677737415672,0.006126295947219604,0.07881773399014778
Census Tract 11; Hillsborough County; Florida,2685,61176,258600,447,1664,36,2033,637,964,30.0,1198,1262,20,1017,0,85,12,057,001100,12057001100,0.2686298076923077,0.017707820954254796,0.6607883817427386,0.08357915437561456,0.01584786053882726
Census Tract 12; Hillsborough County; Florida,3223,48488,226800,416,2384,72,2567,888,1480,37.6,1193,1278,8,1583,9,85,12,057,001200,12057001200,0.174496644295302,0.028048305414881184,0.6,0.05938092229943146,0.006259780907668232
Census Tract 13; Hillsborough County; Florida,5545,44792,225500,600,4385,208,4821,1469,2279,43.7,-666666666,2569,66,2375,0,122,12,057,001300,12057001300,0.13683010262257697,0.04314457581414644,0.6445809565598947,0.05136842105263158,0.025690930323082912
Census Tract 14; Hillsborough County; Florida,4542,49781,250700,563,3128,148,3680,1178,1733,36.5,1021,2290,99,1913,0,82,12,057,001400,12057001400,0.17998721227621484,0.04021739130434782,0.6797461050201962,0.04286461055933089,0.04323144104803493
Census Tract 15; Hillsborough County; Florida,2745,88625,385600,649,1979,74,2120,812,1175,32.2,1622,1164,13,1223,0,91,12,057,001500,12057001500,0.3279434057604851,0.03490566037735849,0.691063829787234,0.07440719542109567,0.011168384879725086
Census Tract 16; Hillsborough County; Florida,2235,81154,368800,650,1745,32,1791,779,974,38.2,1073,1033,14,1069,0,29,12,057,001600,12057001600,0.37249283667621774,0.01786711334450028,0.7997946611909651,0.027128157156220765,0.013552758954501452
Census Tract 17; Hillsborough County; Florida,5061,85391,278900,619,3254,196,3735,1405,1831,34.3,1236,1814,17,1963,19,139,12,057,001700,12057001700,0.19022741241548863,0.05247657295850067,0.7673402512288368,0.08048904737646459,0.009371554575523704
Census Tract 18; Hillsborough County; Florida,5228,38843,181500,273,3042,87,3696,641,1709,31.9,1235,1773,27,1838,0,54,12,057,001800,12057001800,0.08974358974358974,0.02353896103896104,0.37507314218841425,0.029379760609358,0.015228426395939087
Census Tract 19; Hillsborough County; Florida,3086,44643,175900,130,1920,127,2383,552,934,34.0,1448,980,0,1052,47,11,12,057,001900,12057001900,0.06770833333333333,0.053294167016365926,0.5910064239828694,0.055133079847908745,0.0
Census Tract 20; Hillsborough County; Florida,3283,47524,215700,331,2317,92,2668,651,967,40.1,1235,1344,48,1014,7,14,12,057,002000,12057002000,0.14285714285714285,0.034482758620689655,0.6732161323681489,0.020710059171597635,0.03571428571428571
Census Tract 21; Hillsborough County; Florida,2509,43266,276800,613,2118,13,2266,957,1187,41.8,1191,1155,8,1406,32,63,12,057,002100,12057002100,0.28942398489140697,0.005736981465136805,0.806234203875316,0.06756756756756757,0.006926406926406926
Census Tract 22; Hillsborough County; Florida,1598,67760,337300,298,1365,65,1433,476,809,40.2,1102,809,5,878,5,94,12,057,002200,12057002200,0.21831501831501832,0.045359385903698535,0.588380716934487,0.11275626423690205,0.006180469715698393
Census Tract 23; Hillsborough County; Florida,2949,85188,294400,516,2248,36,2567,920,1373,38.3,1217,1504,10,1491,9,71,12,057,002300,12057002300,0.22953736654804271,0.014024152707440592,0.6700655498907502,0.05365526492287056,0.006648936170212766
Census Tract 24; Hillsborough County; Florida,4337,59083,271300,913,3152,32,3521,911,1742,36.2,1318,2221,7,1850,0,40,12,057,002400,12057002400,0.28965736040609136,0.009088327179778472,0.5229621125143513,0.021621621621621623,0.0031517334533993696
Census Tract 25; Hillsborough County; Florida,6588,47957,248200,998,5317,162,5732,886,2856,39.5,1180,3473,0,3089,0,49,12,057,002500,12057002500,0.18769983073161559,0.028262386601535242,0.31022408963585435,0.015862738750404663,0.0
Census Tract 26; Hillsborough County; Florida,1041,31991,-666666666,132,773,52,960,77,541,40.2,845,601,28,637,5,23,12,057,002600,12057002600,0.17076326002587322,0.05416666666666667,0.1423290203327172,0.04395604395604396,0.04658901830282862
Census Tract 27.01; Hillsborough County; Florida,4154,51814,243700,621,3330,71,3521,1069,1557,48.0,1224,1925,34,1680,0,21,12,057,002701,12057002701,0.1864864864864865,0.020164725930133486,0.6865767501605652,0.0125,0.017662337662337664
Census Tract 27.02; Hillsborough County; Florida,2772,52230,336600,413,2191,0,2385,955,1220,48.8,1117,1280,0,1263,0,84,12,057,002702,12057002702,0.18849840255591055,0.0,0.7827868852459017,0.0665083135391924,0.0
Census Tract 28; Hillsborough County; Florida,2975,84363,366200,831,2379,17,2573,1017,1395,43.7,1649,1395,2,1510,30,98,12,057,002800,12057002800,0.3493064312736444,0.006607073455110766,0.7290322580645161,0.0847682119205298,0.0014336917562724014
Census Tract 29; Hillsborough County; Florida,2123,58304,307700,305,1682,62,1866,550,853,34.6,1271,1035,0,954,3,53,12,057,002900,12057002900,0.1813317479191439,0.03322615219721329,0.6447831184056272,0.05870020964360587,0.0
Census Tract 30; Hillsborough County; Florida,2871,37813,291700,306,1577,151,2014,304,1064,28.1,918,988,12,1267,0,22,12,057,003000,12057003000,0.19403931515535827,0.0749751737835154,0.2857142857142857,0.017363851617995266,0.012145748987854251
Census Tract 31; Hillsborough County; Florida,2720,24449,220000,175,1843,289,2186,362,1235,37.0,836,1008,0,1468,0,27,12,057,003100,12057003100,0.09495387954422138,0.1322049405306496,0.2931174089068826,0.018392370572207085,0.0
Census Tract 32; Hillsborough County; Florida,2112,24362,206400,240,1639,0,1713,300,995,46.7,992,797,10,1167,16,0,12,057,003200,12057003200,0.1464307504575961,0.0,0.3015075376884422,0.013710368466152529,0.012547051442910916
Census Tract 33; Hillsborough County; Florida,2108,33177,265000,218,1364,85,1672,325,909,32.6,818,612,30,1079,4,104,12,057,003300,12057003300,0.1598240469208211,0.05083732057416268,0.35753575357535755,0.10009267840593142,0.049019607843137254
Census Tract 34; Hillsborough County; Florida,3226,27994,168300,221,1735,145,2171,327,983,29.3,1048,808,19,1167,0,30,12,057,003400,12057003400,0.12737752161383284,0.06678949792722248,0.3326551373346897,0.02570694087403599,0.023514851485148515
Census Tract 35; Hillsborough County; Florida,2331,24787,214500,113,1681,92,1955,414,962,36.1,1226,849,11,1113,0,55,12,057,003500,12057003500,0.06722189173111243,0.047058823529411764,0.4303534303534304,0.04941599281221923,0.012956419316843345
Census Tract 36; Hillsborough County; Florida,4669,26038,185200,300,2934,223,3425,964,1641,32.2,1316,1534,87,1737,0,52,12,057,003600,12057003600,0.10224948875255624,0.06510948905109488,0.5874466788543571,0.029936672423719057,0.056714471968709254
Census Tract 37; Hillsborough County; Florida,1236,40792,155200,42,794,67,995,156,333,31.0,1107,444,0,350,0,11,12,057,003700,12057003700,0.05289672544080604,0.06733668341708543,0.46846846846846846,0.03142857142857143,0.0
Census Tract 38; Hillsborough County; Florida,1040,57344,149500,75,737,45,865,259,469,33.8,1414,397,19,607,13,39,12,057,003800,12057003800,0.10176390773405698,0.05202312138728324,0.5522388059701493,0.085667215815486,0.04785894206549118
Census Tract 41; Hillsborough County; Florida,1768,21920,326300,173,1000,39,1189,78,750,32.2,913,415,12,750,0,35,12,057,004100,12057004100,0.173,0.03280067283431455,0.104,0.04666666666666667,0.02891566265060241
Census Tract 42; Hillsborough County; Florida,1475,86406,471300,259,1067,56,1250,275,528,36.1,1872,538,0,626,7,206,12,057,004200,12057004200,0.24273664479850046,0.0448,0.5208333333333334,0.3402555910543131,0.0
Census Tract 43; Hillsborough County; Florida,855,21268,-666666666,53,642,10,659,19,471,32.5,651,272,0,675,57,139,12,057,004300,12057004300,0.08255451713395638,0.015174506828528073,0.040339702760084924,0.2903703703703704,0.0
Census Tract 44; Hillsborough County; Florida,2113,24073,235500,207,1508,119,1739,309,867,35.7,1001,925,12,945,0,29,12,057,004400,12057004400,0.13726790450928383,0.0684301322599195,0.356401384083045,0.030687830687830688,0.012972972972972972
Census Tract 45; Hillsborough County; Florida,4034,53359,264000,490,3095,202,3339,868,1523,42.6,1528,1452,78,1771,9,125,12,057,004500,12057004500,0.1583198707592892,0.06049715483677748,0.5699277741300066,0.0756634669678148,0.05371900826446281
Census Tract 46.01; Hillsborough County; Florida,3682,78889,215600,1034,2779,43,3562,361,2088,31.2,1991,1908,49,2518,41,1318,12,057,004601,12057004601,0.37207628643396906,0.012071869736103313,0.1728927203065134,0.539714058776807,0.025681341719077568
Census Tract 46.02; Hillsborough County; Florida,1873,68349,220200,396,1697,7,1729,443,1028,41.1,1824,893,18,1267,0,444,12,057,004602,12057004602,0.23335297583971715,0.004048582995951417,0.43093385214007784,0.35043409629044986,0.020156774916013438
Census Tract 47; Hillsborough County; Florida,2775,75341,342200,614,2157,37,2463,691,1225,39.5,1397,1372,33,1373,11,221,12,057,004700,12057004700,0.28465461288827076,0.015022330491270807,0.5640816326530612,0.16897305171158047,0.024052478134110787
Census Tract 48; Hillsborough County; Florida,3927,83307,375500,807,3048,99,3411,1174,1725,38.3,1694,1787,0,1778,34,223,12,057,004800,12057004800,0.26476377952755903,0.029023746701846966,0.6805797101449276,0.14454443194600675,0.0
Census Tract 49.01; Hillsborough County; Florida,1962,62623,294100,395,1328,22,1804,330,862,28.8,1448,1230,0,1089,15,230,12,057,004901,12057004901,0.29743975903614456,0.012195121951219513,0.382830626450116,0.22497704315886133,0.0
Census Tract 49.02; Hillsborough County; Florida,3042,125880,434300,1321,2328,59,2832,714,1735,28.8,2165,1950,0,2067,0,455,12,057,004902,12057004902,0.5674398625429553,0.020833333333333332,0.41152737752161384,0.22012578616352202,0.0
Census Tract 50; Hillsborough County; Florida,7817,34864,216900,556,1861,492,7552,125,1699,20.2,1617,2448,0,2000,70,795,12,057,005000,12057005000,0.2987641053197206,0.06514830508474577,0.07357268981753973,0.4325,0.0
Census Tract 51.01; Hillsborough County; Florida,3287,90216,395200,1113,2570,92,3117,384,2065,34.2,2152,1657,21,2350,47,1040,12,057,005101,12057005101,0.4330739299610895,0.029515559833172923,0.18595641646489103,0.4625531914893617,0.012673506336753168
Census Tract 51.02; Hillsborough County; Florida,4185,157656,502400,1420,3609,45,3843,1107,2458,38.5,2334,2532,46,2865,0,422,12,057,005102,12057005102,0.39346079246328625,0.0117096018735363,0.4503661513425549,0.14729493891797557,0.018167456556082148
Census Tract 53.01; Hillsborough County; Florida,4069,108804,585300,1832,3454,64,3854,757,2534,34.3,2188,2386,58,2935,0,1108,12,057,005301,12057005301,0.5303995367689636,0.01660612350804359,0.29873717442778214,0.3775127768313458,0.024308466051969825
Census Tract 53.02; Hillsborough County; Florida,1914,40487,189300,141,1426,119,1616,336,748,40.1,1279,836,0,837,0,43,12,057,005302,12057005302,0.09887798036465638,0.07363861386138613,0.44919786096256686,0.05137395459976105,0.0
Census Tract 54.01; Hillsborough County; Florida,5449,114519,902500,1465,3932,138,4399,1444,2387,47.3,1379,2213,52,2658,0,157,12,057,005401,12057005401,0.37258392675483215,0.031370766083200725,0.604943443653121,0.05906696764484575,0.02349751468594668
Census Tract 55; Hillsborough County; Florida,2873,119770,627000,825,2229,41,2407,677,1572,39.1,2057,1462,40,1717,0,301,12,057,005500,12057005500,0.37012113055181695,0.01703365184877441,0.4306615776081425,0.1753057658707047,0.027359781121751026
Census Tract 57; Hillsborough County; Florida,4281,97096,534700,1037,3165,82,3613,1230,2221,39.6,1285,1902,34,2495,39,367,12,057,005700,12057005700,0.3276461295418641,0.022695820647661222,0.5538045925258892,0.1627254509018036,0.017875920084121977
Census Tract 58; Hillsborough County; Florida,5188,130275,687900,1453,3554,123,3911,1466,2153,37.1,1464,2065,0,2255,72,261,12,057,005800,12057005800,0.4088351153629713,0.031449757095372025,0.6809103576405017,0.1476718403547672,0.0
Census Tract 59; Hillsborough County; Florida,6463,148017,879800,1620,4569,144,5025,1936,2534,44.2,2034,2552,23,2643,31,231,12,057,005900,12057005900,0.35456336178594877,0.028656716417910448,0.7640094711917916,0.09912977676882331,0.009012539184952978
Census Tract 60; Hillsborough County; Florida,5626,172434,975300,1475,3655,126,4184,1668,2148,37.4,1893,2237,76,2517,120,568,12,057,006000,12057006000,0.40355677154582764,0.03011472275334608,0.776536312849162,0.27334127930075486,0.033974072418417524
Census Tract 61.01; Hillsborough County; Florida,3298,149894,1156700,1219,2724,24,2843,1089,1660,47.9,1695,1286,0,1965,0,7,12,057,006101,12057006101,0.447503671071953,0.008441786844882167,0.6560240963855422,0.0035623409669211198,0.0
Census Tract 61.03; Hillsborough County; Florida,3777,113562,610900,1092,3093,18,3263,1343,2203,51.7,1549,1522,47,2503,91,114,12,057,006103,12057006103,0.3530552861299709,0.0055163959546429666,0.6096232410349524,0.08190171793847383,0.03088042049934297
Census Tract 62; Hillsborough County; Florida,4409,142132,697100,1123,2825,59,3134,1129,1591,38.0,1775,1646,0,1731,7,308,12,057,006200,12057006200,0.3975221238938053,0.018825781748564134,0.7096165933375236,0.18197573656845753,0.0
Census Tract 63; Hillsborough County; Florida,4601,151208,671200,1160,3055,51,3495,1459,1597,38.3,1674,1868,12,1653,19,189,12,057,006300,12057006300,0.37970540098199673,0.014592274678111588,0.9135879774577332,0.12583182093163944,0.006423982869379015
Census Tract 64; Hillsborough County; Florida,4306,175288,828200,1033,2871,0,3194,1400,1519,41.3,1804,1662,35,1570,11,289,12,057,006400,12057006400,0.35980494601184254,0.0,0.9216589861751152,0.1910828025477707,0.0210589651022864
Census Tract 65.01; Hillsborough County; Florida,3522,61731,343600,866,2820,95,2987,839,1852,40.4,1324,1574,7,1937,0,77,12,057,006501,12057006501,0.3070921985815603,0.03180448610646133,0.453023758099352,0.03975219411461022,0.0044472681067344345
Census Tract 65.03; Hillsborough County; Florida,1158,54810,313600,295,946,11,1106,93,819,32.1,1409,712,0,997,0,65,12,057,006503,12057006503,0.3118393234672304,0.009945750452079566,0.11355311355311355,0.06519558676028084,0.0
Census Tract 65.04; Hillsborough County; Florida,737,49118,172300,198,720,0,737,283,504,68.6,1256,273,0,672,0,31,12,057,006504,12057006504,0.275,0.0,0.5615079365079365,0.046130952380952384,0.0
Census Tract 66; Hillsborough County; Florida,4373,69737,226700,1201,3578,86,3946,1423,2286,42.2,1359,2059,25,2447,0,156,12,057,006600,12057006600,0.33566238121855785,0.021794221996958945,0.6224846894138233,0.06375153248876175,0.012141816415735794
Census Tract 67; Hillsborough County; Florida,5986,139609,898100,1480,4097,16,4504,1605,2346,42.8,1620,2147,0,2489,23,437,12,057,006700,12057006700,0.3612399316573102,0.003552397868561279,0.6841432225063938,0.18481317798312574,0.0
Census Tract 68.01; Hillsborough County; Florida,4940,68729,394000,1040,3985,139,4315,1543,2430,44.4,1424,2349,25,2598,0,546,12,057,006801,12057006801,0.26097867001254704,0.03221320973348783,0.6349794238683127,0.21016166281755197,0.010642826734780758
Census Tract 68.02; Hillsborough County; Florida,3094,88432,527700,979,2515,11,2631,1231,1563,44.9,1293,1279,18,1800,0,62,12,057,006802,12057006802,0.3892644135188867,0.004180919802356519,0.7875879718490083,0.034444444444444444,0.014073494917904612
Census Tract 69; Hillsborough County; Florida,6008,94611,360000,993,3934,128,4574,1473,2416,36.2,1482,2846,46,2473,0,373,12,057,006900,12057006900,0.2524148449415353,0.027984258854394404,0.6096854304635762,0.15082895268904165,0.016163035839775124
Census Tract 70.01; Hillsborough County; Florida,4098,67045,259700,676,2946,221,3304,949,1820,37.7,1569,1816,0,1952,11,527,12,057,007001,12057007001,0.22946367956551256,0.06688861985472155,0.5214285714285715,0.27561475409836067,0.0
Census Tract 70.02; Hillsborough County; Florida,3060,55943,333800,516,2030,45,2289,422,1323,30.9,1183,1401,6,1440,25,330,12,057,007002,12057007002,0.2541871921182266,0.019659239842726082,0.31897203325774753,0.2465277777777778,0.004282655246252677
Census Tract 71.02; Hillsborough County; Florida,4114,83201,825800,1077,3043,0,3503,520,2149,30.5,1842,2236,39,2244,37,923,12,057,007102,12057007102,0.3539270456786066,0.0,0.2419730107026524,0.42780748663101603,0.01744186046511628
Census Tract 71.03; Hillsborough County; Florida,4067,100000,297700,653,3088,51,3434,832,1540,36.4,1838,2146,0,1635,0,44,12,057,007103,12057007103,0.2114637305699482,0.01485148514851485,0.5402597402597402,0.02691131498470948,0.0
Census Tract 72; Hillsborough County; Florida,4843,91696,363700,766,3209,137,3751,1052,2032,35.0,1726,2369,38,2328,69,720,12,057,007200,12057007200,0.23870364599563726,0.03652359370834444,0.5177165354330708,0.3389175257731959,0.016040523427606587
Census Tract 73; Hillsborough County; Florida,2309,93393,-666666666,208,918,35,1481,0,475,21.5,2432,753,3,579,0,100,12,057,007300,12057007300,0.22657952069716775,0.02363268062120189,0.0,0.17271157167530224,0.00398406374501992
Census Tract 101.05; Hillsborough County; Florida,5258,71250,239400,354,3399,96,3898,1532,1743,40.7,935,1838,54,1853,0,89,12,057,010105,12057010105,0.10414827890556046,0.024628014366341714,0.8789443488238669,0.04803022126281705,0.029379760609358
Census Tract 101.06; Hillsborough County; Florida,4289,73750,251100,442,3134,46,3613,1192,1499,45.4,1149,1686,83,1705,0,126,12,057,010106,12057010106,0.1410338225909381,0.012731801826736784,0.7951967978652434,0.07390029325513196,0.04922894424673784
Census Tract 101.07; Hillsborough County; Florida,4023,44113,49600,355,3257,65,3383,1502,1821,56.2,1120,1273,24,2020,12,159,12,057,010107,12057010107,0.10899600859686828,0.019213715637008574,0.8248215266337178,0.08465346534653466,0.018853102906520033
Census Tract 101.08; Hillsborough County; Florida,2238,64896,255000,218,1676,40,1871,708,785,42.7,1514,963,10,1084,0,85,12,057,010108,12057010108,0.13007159904534607,0.021378941742383754,0.9019108280254777,0.07841328413284133,0.010384215991692628
Census Tract 102.03; Hillsborough County; Florida,2082,46691,256600,181,1513,80,1741,411,857,41.0,956,799,50,1047,38,189,12,057,010203,12057010203,0.11962987442167879,0.04595060310166571,0.4795799299883314,0.21680993314231137,0.0625782227784731
Census Tract 102.04; Hillsborough County; Florida,5115,48011,190000,674,3578,183,4062,1379,1984,36.8,1149,1800,53,2112,0,116,12,057,010204,12057010204,0.1883733929569592,0.045051698670605614,0.6950604838709677,0.054924242424242424,0.029444444444444443
Census Tract 102.10; Hillsborough County; Florida,5218,104286,452600,900,2998,124,3749,880,1720,35.7,1496,1690,39,1844,0,337,12,057,010210,12057010210,0.3002001334222815,0.033075486796479064,0.5116279069767442,0.18275488069414317,0.023076923076923078
Census Tract 102.11; Hillsborough County; Florida,5288,110313,431000,1223,3641,129,4141,1346,1991,40.0,1424,2022,10,2123,0,0,12,057,010211,12057010211,0.3358967316671244,0.031151895677372615,0.6760421898543445,0.0,0.004945598417408506
Census Tract 102.12; Hillsborough County; Florida,5034,120169,433800,1231,3473,197,4053,1312,1770,43.3,2204,2172,36,1940,0,103,12,057,010212,12057010212,0.35444860351281315,0.048605970885763634,0.7412429378531074,0.05309278350515464,0.016574585635359115
Census Tract 102.13; Hillsborough County; Florida,1972,69455,231600,274,1481,130,1674,493,737,46.5,1401,795,54,815,0,39,12,057,010213,12057010213,0.1850101282916948,0.07765830346475508,0.6689280868385346,0.04785276073619632,0.06792452830188679
Census Tract 102.15; Hillsborough County; Florida,7805,138019,383600,1511,5210,107,5850,2324,2382,37.9,-666666666,2910,45,2518,123,1016,12,057,010215,12057010215,0.29001919385796543,0.01829059829059829,0.9756507136859782,0.4523431294678316,0.015463917525773196
Census Tract 102.16; Hillsborough County; Florida,7067,129255,407900,1298,4089,46,4751,1659,2012,36.6,2623,2495,27,2053,22,1019,12,057,010216,12057010216,0.3174370261677672,0.0096821721742791,0.8245526838966203,0.5070628348757915,0.010821643286573146
Census Tract 102.17; Hillsborough County; Florida,4385,120885,375500,1012,2694,61,3542,634,1444,33.3,1598,2001,80,1516,0,117,12,057,010217,12057010217,0.37564959168522644,0.017221908526256352,0.4390581717451524,0.07717678100263853,0.0399800099950025
Census Tract 102.18; Hillsborough County; Florida,5717,83750,319200,1369,4168,119,4471,1502,2128,39.7,1836,2276,19,2162,20,100,12,057,010218,12057010218,0.3284548944337812,0.026615969581749048,0.7058270676691729,0.05550416281221091,0.008347978910369069
Census Tract 103.03; Hillsborough County; Florida,3211,50818,36700,186,2425,61,2701,730,1113,39.7,1076,1088,26,1288,0,54,12,057,010303,12057010303,0.07670103092783505,0.022584228063680118,0.655884995507637,0.04192546583850932,0.02389705882352941
Census Tract 103.04; Hillsborough County; Florida,3646,69583,251700,413,2679,45,2919,1101,1305,45.9,891,1383,30,1390,0,158,12,057,010304,12057010304,0.1541620007465472,0.015416238437821172,0.8436781609195402,0.11366906474820145,0.021691973969631236
Census Tract 103.05; Hillsborough County; Florida,4423,59073,320400,340,2903,137,3633,887,1373,34.9,1146,1652,35,1635,0,188,12,057,010305,12057010305,0.11712022046159146,0.03770988164051748,0.6460305899490167,0.11498470948012232,0.0211864406779661
Census Tract 104.01; Hillsborough County; Florida,5532,47013,173200,770,3734,35,4261,999,2392,33.0,1341,2765,62,2573,0,96,12,057,010401,12057010401,0.2062131762185324,0.008214034264257217,0.41764214046822745,0.03731053245239021,0.022423146473779385
Census Tract 104.02; Hillsborough County; Florida,6272,44190,226300,746,3704,182,4648,1132,2572,31.3,1264,2214,0,2833,0,211,12,057,010402,12057010402,0.20140388768898487,0.0391566265060241,0.4401244167962675,0.07447935051182492,0.0
Census Tract 105.01; Hillsborough County; Florida,7550,46160,200100,417,5074,272,5964,1144,2795,30.4,1281,3915,0,2872,0,36,12,057,010501,12057010501,0.08218368151359874,0.04560697518443997,0.40930232558139534,0.012534818941504178,0.0
Census Tract 105.02; Hillsborough County; Florida,2937,53710,227100,323,2016,187,2406,571,1118,34.1,1120,1395,11,1220,0,24,12,057,010502,12057010502,0.16021825396825398,0.07772236076475478,0.5107334525939177,0.019672131147540985,0.007885304659498209
Census Tract 106; Hillsborough County; Florida,3278,77226,280900,647,2432,145,2562,779,1211,34.4,1434,1311,42,1232,0,46,12,057,010600,12057010600,0.2660361842105263,0.05659640905542545,0.643270024772915,0.037337662337662336,0.032036613272311214
Census Tract 107.01; Hillsborough County; Florida,5542,82101,353500,1040,3837,71,4726,1398,2137,36.5,1426,2453,0,2178,0,0,12,057,010701,12057010701,0.27104508730779253,0.01502327549724926,0.6541881141787552,0.0,0.0
Census Tract 107.02; Hillsborough County; Florida,3741,96250,281900,532,1960,105,3108,771,1109,34.2,1614,1609,19,1151,0,0,12,057,010702,12057010702,0.2714285714285714,0.033783783783783786,0.6952209197475203,0.0,0.011808576755748913
Census Tract 108.05; Hillsborough County; Florida,5953,27134,-666666666,101,3302,221,4019,145,2021,28.7,1020,1996,55,2252,0,23,12,057,010805,12057010805,0.030587522713506964,0.05498880318487186,0.07174666006927263,0.010213143872113677,0.02755511022044088
Census Tract 108.08; Hillsborough County; Florida,3351,36174,-666666666,275,1685,110,2550,0,1418,25.2,1177,1567,14,1569,0,8,12,057,010808,12057010808,0.1632047477744807,0.043137254901960784,0.0,0.005098789037603569,0.008934269304403318
Census Tract 108.09; Hillsborough County; Florida,2393,42677,316700,293,1415,200,2242,261,1084,28.5,1141,1118,0,1256,0,38,12,057,010809,12057010809,0.20706713780918728,0.08920606601248884,0.24077490774907748,0.030254777070063694,0.0
Census Tract 108.10; Hillsborough County; Florida,3922,57629,304500,858,2758,108,3412,346,1891,31.1,1400,1829,16,2090,0,334,12,057,010810,12057010810,0.3110949963741842,0.031652989449003514,0.18297197250132205,0.1598086124401914,0.008747949699289229
Census Tract 108.11; Hillsborough County; Florida,6992,48050,257600,1054,4596,197,6127,1046,3208,31.4,1260,3498,144,3460,0,32,12,057,010811,12057010811,0.22932985204525674,0.03215276644361025,0.3260598503740648,0.009248554913294798,0.0411663807890223
Census Tract 108.14; Hillsborough County; Florida,3210,48617,165100,329,1742,171,3005,112,1227,25.8,1521,1070,30,1602,15,214,12,057,010814,12057010814,0.1888633754305396,0.05690515806988353,0.09127954360228199,0.14294631710362046,0.028037383177570093
Census Tract 108.15; Hillsborough County; Florida,2107,30378,-666666666,96,1318,0,1569,0,899,29.3,1119,983,19,975,0,15,12,057,010815,12057010815,0.07283763277693475,0.0,0.0,0.015384615384615385,0.019328585961342827
Census Tract 108.16; Hillsborough County; Florida,3624,33268,-666666666,118,2206,74,2676,9,1650,28.1,1084,1577,27,1845,0,238,12,057,010816,12057010816,0.05349048050770626,0.02765321375186846,0.005454545454545455,0.12899728997289972,0.017121116043119847
Census Tract 108.17; Hillsborough County; Florida,4801,34606,85500,272,2898,134,3792,738,1959,31.1,984,2025,42,2109,0,267,12,057,010817,12057010817,0.09385783298826778,0.03533755274261603,0.3767228177641654,0.12660028449502134,0.02074074074074074
Census Tract 108.19; Hillsborough County; Florida,1973,28819,159100,260,1176,11,1737,273,859,29.4,991,920,24,977,0,0,12,057,010819,12057010819,0.22108843537414966,0.0063327576280944155,0.3178114086146682,0.0,0.02608695652173913
Census Tract 108.20; Hillsborough County; Florida,2742,42377,-666666666,577,1473,84,2722,0,1428,26.1,1171,1759,104,1541,0,23,12,057,010820,12057010820,0.39171758316361166,0.03085966201322557,0.0,0.014925373134328358,0.059124502558271744
Census Tract 108.21; Hillsborough County; Florida,2881,26395,-666666666,117,1785,77,2327,21,1061,30.8,1081,1232,139,1209,0,0,12,057,010821,12057010821,0.06554621848739496,0.03308981521272024,0.019792648444863337,0.0,0.11282467532467533
Census Tract 108.22; Hillsborough County; Florida,2201,34258,-666666666,48,1507,97,1813,23,979,32.0,994,997,70,1112,0,39,12,057,010822,12057010822,0.03185136031851361,0.053502482073910645,0.02349336057201226,0.03507194244604316,0.07021063189568706
Census Tract 108.23; Hillsborough County; Florida,2078,40400,-666666666,379,1136,203,1864,35,980,26.0,1195,1020,0,1189,0,203,12,057,010823,12057010823,0.3336267605633803,0.10890557939914162,0.03571428571428571,0.17073170731707318,0.0
Census Tract 108.24; Hillsborough County; Florida,4751,20838,142800,118,816,163,4743,55,1869,21.3,945,2128,0,2266,0,719,12,057,010824,12057010824,0.14460784313725492,0.034366434745941386,0.029427501337613696,0.3172992056487202,0.0
Census Tract 109; Hillsborough County; Florida,6791,-666666666,-666666666,0,61,63,6791,0,0,19.3,-666666666,1338,0,0,0,0,12,057,010900,12057010900,0.0,0.009276984243852157,,,0.0
Census Tract 110.03; Hillsborough County; Florida,5492,39704,202500,753,4064,194,4701,961,2641,39.5,1227,2188,52,2883,29,15,12,057,011003,12057011003,0.18528543307086615,0.04126781535843438,0.3638773191972738,0.015261879986125564,0.02376599634369287
Census Tract 110.05; Hillsborough County; Florida,2789,97813,456600,541,2073,21,2249,875,1000,44.8,1234,1155,30,1039,0,30,12,057,011005,12057011005,0.2609744331886155,0.009337483325922631,0.875,0.028873917228103944,0.025974025974025976
Census Tract 110.06; Hillsborough County; Florida,6718,87433,346500,882,4406,45,5048,2161,2421,36.6,2170,2852,47,2507,36,316,12,057,011006,12057011006,0.20018157058556513,0.008914421553090333,0.892606361007848,0.1404068607897886,0.016479663394109396
Census Tract 110.07; Hillsborough County; Florida,3509,111932,382200,601,2625,20,3092,1019,1237,52.1,1450,1316,0,1328,0,9,12,057,011007,12057011007,0.22895238095238096,0.00646830530401035,0.8237671786580436,0.00677710843373494,0.0
Census Tract 110.08; Hillsborough County; Florida,7544,96250,485100,1627,5135,317,5914,1118,2635,35.4,1783,3016,26,2871,0,238,12,057,011008,12057011008,0.3168451801363194,0.05360162326682449,0.42428842504743836,0.08289794496691048,0.008620689655172414
Census Tract 110.10; Hillsborough County; Florida,5529,50885,224400,500,2786,75,4568,968,2021,25.2,993,2981,0,2311,0,201,12,057,011010,12057011010,0.17946877243359655,0.016418563922942206,0.4789708065314201,0.08697533535266118,0.0
Census Tract 110.13; Hillsborough County; Florida,4219,71990,292800,1160,2987,94,3343,643,1714,34.5,1482,1468,37,1867,37,396,12,057,011013,12057011013,0.3883495145631068,0.028118456476218964,0.3751458576429405,0.23192287091590788,0.025204359673024524
Census Tract 110.16; Hillsborough County; Florida,4182,111053,407500,945,2845,69,3075,796,1514,34.9,1784,1689,20,1590,0,259,12,057,011016,12057011016,0.3321616871704745,0.0224390243902439,0.5257595772787318,0.16289308176100628,0.011841326228537596
Census Tract 110.17; Hillsborough County; Florida,2052,112750,453600,372,1459,0,1802,403,840,33.1,1815,1037,38,883,24,422,12,057,011017,12057011017,0.25496915695681976,0.0,0.4797619047619048,0.5050962627406569,0.03664416586306654
Census Tract 110.18; Hillsborough County; Florida,5286,53589,210900,911,3415,153,4732,496,2667,31.2,1395,2693,0,2817,0,140,12,057,011018,12057011018,0.26676427525622254,0.0323330515638208,0.18597675290588678,0.04969826056088037,0.0
Census Tract 110.19; Hillsborough County; Florida,10372,111932,421800,2748,7206,222,8392,2440,3880,37.7,1754,4182,94,4038,70,1496,12,057,011019,12057011019,0.3813488759367194,0.026453765490943755,0.6288659793814433,0.38781575037147104,0.022477283596365374
Census Tract 111.03; Hillsborough County; Florida,3757,119034,391600,663,2656,79,2944,1250,1345,44.1,1203,1379,49,1368,0,59,12,057,011103,12057011103,0.2496234939759036,0.026834239130434784,0.929368029739777,0.04312865497076023,0.03553299492385787
Census Tract 111.06; Hillsborough County; Florida,2493,56638,329000,388,1562,104,1934,312,1090,29.7,1230,1260,13,1138,0,5,12,057,011106,12057011106,0.24839948783610755,0.05377456049638056,0.28623853211009176,0.004393673110720563,0.010317460317460317
Census Tract 111.07; Hillsborough County; Florida,6363,79622,389000,1323,4846,72,5373,2070,2605,43.6,1202,2839,12,2818,0,195,12,057,011107,12057011107,0.2730086669418077,0.01340033500837521,0.7946257197696737,0.06919801277501775,0.004226840436773511
Census Tract 111.08; Hillsborough County; Florida,1685,75795,278900,335,1409,47,1457,632,763,59.4,1279,608,0,821,0,111,12,057,011108,12057011108,0.23775727466288146,0.03225806451612903,0.8283093053735255,0.13520097442143728,0.0
Census Tract 111.09; Hillsborough County; Florida,4692,110952,470400,1082,3451,100,3845,1420,1772,44.6,1769,1585,41,1850,14,592,12,057,011109,12057011109,0.31353230947551436,0.02600780234070221,0.801354401805869,0.32756756756756755,0.025867507886435333
Census Tract 112.03; Hillsborough County; Florida,3386,69632,301400,708,2420,30,2786,900,1524,42.4,1304,1635,9,1554,0,81,12,057,011203,12057011203,0.29256198347107437,0.010768126346015794,0.5905511811023622,0.052123552123552123,0.005504587155963303
Census Tract 112.04; Hillsborough County; Florida,5749,65762,246200,598,4274,67,4655,1764,2383,38.5,1226,2608,0,2580,0,38,12,057,011204,12057011204,0.1399157697707066,0.01439312567132116,0.7402433906840118,0.014728682170542635,0.0
Census Tract 112.05; Hillsborough County; Florida,3309,95909,293700,699,2351,40,2505,1176,1344,40.2,1382,1189,22,1423,0,44,12,057,011205,12057011205,0.29732028923862186,0.015968063872255488,0.875,0.030920590302178495,0.018502943650126155
Census Tract 112.06; Hillsborough County; Florida,3727,46125,188600,355,2404,54,2674,712,1368,35.3,1020,1361,43,1526,19,11,12,057,011206,12057011206,0.14767054908485858,0.02019446522064323,0.52046783625731,0.019659239842726082,0.03159441587068332
Census Tract 113.01; Hillsborough County; Florida,3655,89348,342600,841,2775,86,3095,1144,1356,49.6,1588,1481,0,1470,0,129,12,057,011301,12057011301,0.3030630630630631,0.02778675282714055,0.8436578171091446,0.08775510204081632,0.0
Census Tract 113.03; Hillsborough County; Florida,3364,63636,350000,579,2637,46,2823,810,1554,40.2,1127,1353,29,1567,0,0,12,057,011303,12057011303,0.21956769055745165,0.016294721927027984,0.5212355212355212,0.0,0.021433850702143386
Census Tract 113.04; Hillsborough County; Florida,5841,97266,395500,1419,4134,114,4679,2104,2443,48.2,1549,1922,10,2465,0,142,12,057,011304,12057011304,0.3432510885341074,0.024364180380423168,0.86123618501842,0.05760649087221095,0.005202913631633715
Census Tract 114.07; Hillsborough County; Florida,2100,84875,394100,732,1780,36,1923,764,1044,53.2,1493,993,8,1126,0,0,12,057,011407,12057011407,0.41123595505617977,0.0187207488299532,0.7318007662835249,0.0,0.008056394763343404
Census Tract 114.08; Hillsborough County; Florida,2829,75286,385300,620,1998,48,2333,638,1116,38.1,1330,1208,9,1116,0,11,12,057,011408,12057011408,0.3103103103103103,0.020574367766823833,0.5716845878136201,0.00985663082437276,0.0074503311258278145
Census Tract 114.09; Hillsborough County; Florida,2917,117631,440300,837,2278,47,2490,919,1275,40.8,1445,1381,10,1327,0,0,12,057,011409,12057011409,0.3674275680421422,0.01887550200803213,0.7207843137254902,0.0,0.00724112961622013
Census Tract 114.10; Hillsborough County; Florida,6570,103274,402300,1167,4753,68,5342,1964,2459,46.2,1724,2660,0,2588,17,503,12,057,011410,12057011410,0.2455291394908479,0.01272931486334706,0.7986986579910533,0.2009273570324575,0.0
Census Tract 114.11; Hillsborough County; Florida,2276,87195,336600,338,1706,30,1936,620,693,43.6,1672,883,89,693,0,7,12,057,011411,12057011411,0.1981242672919109,0.015495867768595042,0.8946608946608947,0.010101010101010102,0.10079275198187995
Census Tract 114.12; Hillsborough County; Florida,3184,64833,273400,696,2402,58,2633,694,1474,36.0,1434,1571,16,1573,39,62,12,057,011412,12057011412,0.28975853455453787,0.022028104823395366,0.4708276797829037,0.06420851875397329,0.010184595798854232
Census Tract 114.13; Hillsborough County; Florida,5714,90096,344500,1554,4635,134,5007,1771,2305,50.9,1869,2180,17,2550,22,438,12,057,011413,12057011413,0.3352750809061489,0.02676253245456361,0.7683297180043384,0.1803921568627451,0.007798165137614679
Census Tract 114.14; Hillsborough County; Florida,8386,62135,290800,1283,5790,182,6853,1991,3341,36.6,1484,3836,22,3474,0,879,12,057,011414,12057011414,0.2215889464594128,0.026557711950970377,0.5959293624663274,0.25302245250431776,0.005735140771637122
Census Tract 114.15; Hillsborough County; Florida,5935,97862,268800,848,4449,106,5429,1518,2265,45.4,1673,3280,130,2336,0,40,12,057,011415,12057011415,0.19060463025398966,0.019524774359918954,0.6701986754966888,0.017123287671232876,0.039634146341463415
Census Tract 114.16; Hillsborough County; Florida,7075,72409,225900,1002,5081,258,5539,1674,2590,35.1,1491,3132,34,2761,0,52,12,057,011416,12057011416,0.1972052745522535,0.04657880483841849,0.6463320463320463,0.018833755885548715,0.010855683269476373
Census Tract 114.17; Hillsborough County; Florida,5846,56021,277500,1191,3549,134,4291,946,2026,31.6,1545,2285,16,2133,0,20,12,057,011417,12057011417,0.3355874894336433,0.031228151945933348,0.46692991115498517,0.009376465072667605,0.00700218818380744
Census Tract 114.18; Hillsborough County; Florida,3687,71429,366900,845,3069,45,3272,1273,1662,54.3,1594,1436,0,1755,0,69,12,057,011418,12057011418,0.2753339850114044,0.013753056234718826,0.7659446450060169,0.039316239316239315,0.0
Census Tract 115.04; Hillsborough County; Florida,3000,121750,734600,630,2073,35,2243,878,1033,45.5,1246,1057,117,1088,51,141,12,057,011504,12057011504,0.30390738060781475,0.01560410164957646,0.8499515972894482,0.17647058823529413,0.11069063386944182
Census Tract 115.06; Hillsborough County; Florida,9288,118682,388600,2307,6218,141,7331,1938,3503,35.6,1834,3468,108,3727,57,950,12,057,011506,12057011506,0.3710196204567385,0.01923339244305006,0.5532400799314873,0.27019050174403003,0.031141868512110725
Census Tract 115.09; Hillsborough County; Florida,7010,157750,501800,1845,4953,113,5552,2343,2498,47.3,2268,2519,55,2603,50,82,12,057,011509,12057011509,0.3725015142337977,0.020353025936599423,0.9379503602882305,0.050710718401844025,0.021834061135371178
Census Tract 115.10; Hillsborough County; Florida,5810,166392,423300,1229,3362,107,4136,1601,1723,36.1,2347,2175,109,1767,30,556,12,057,011510,12057011510,0.36555621653777515,0.025870406189555127,0.9291932675565874,0.3316355404640634,0.050114942528735634
Census Tract 115.12; Hillsborough County; Florida,4241,143659,539300,936,2828,67,3347,1344,1456,43.3,1616,1613,42,1520,32,298,12,057,011512,12057011512,0.33097595473833097,0.02001792650134449,0.9230769230769231,0.21710526315789475,0.026038437693738377
Census Tract 115.14; Hillsborough County; Florida,6855,114271,337100,1639,5352,210,5747,2164,2432,47.2,1818,2564,43,2434,19,0,12,057,011514,12057011514,0.3062406576980568,0.03654080389768575,0.8898026315789473,0.0078060805258833195,0.016770670826833072
Census Tract 115.15; Hillsborough County; Florida,4277,108194,328800,1069,3017,49,3364,1369,1497,38.3,1683,1846,40,1525,0,81,12,057,011515,12057011515,0.35432548889625454,0.014565992865636148,0.9144956579826319,0.05311475409836065,0.021668472372697724
Census Tract 115.16; Hillsborough County; Florida,3377,92644,322300,760,2334,19,2789,783,1281,42.1,1717,1512,0,1338,0,52,12,057,011516,12057011516,0.32562125107112255,0.006812477590534241,0.6112412177985949,0.03886397608370702,0.0
Census Tract 115.18; Hillsborough County; Florida,4110,141338,599600,960,3145,96,3446,1351,1463,47.9,1125,1468,43,1537,0,109,12,057,011518,12057011518,0.3052464228934817,0.027858386535113175,0.9234449760765551,0.07091737150292778,0.029291553133514985
Census Tract 115.19; Hillsborough County; Florida,2030,142708,468700,604,1503,49,1637,727,783,45.0,1791,866,11,783,0,19,12,057,011519,12057011519,0.4018629407850965,0.029932803909590716,0.9284802043422733,0.024265644955300127,0.012702078521939953
Census Tract 115.20; Hillsborough County; Florida,5379,133517,594400,1486,3656,79,4264,1358,2112,40.2,2122,1909,33,2215,0,152,12,057,011520,12057011520,0.4064551422319475,0.018527204502814257,0.6429924242424242,0.06862302483069978,0.017286537454164485
Census Tract 115.21; Hillsborough County; Florida,4775,57188,472700,703,3292,99,4037,340,2218,39.3,1268,2169,10,2218,0,23,12,057,011521,12057011521,0.2135479951397327,0.02452316076294278,0.1532912533814247,0.010369702434625788,0.004610419548178884
Census Tract 115.22; Hillsborough County; Florida,5005,166055,532000,1263,3431,141,3872,1629,1839,45.3,1429,1536,10,1882,0,314,12,057,011522,12057011522,0.36811425240454676,0.036415289256198344,0.8858075040783034,0.16684378320935175,0.006510416666666667
Census Tract 115.23; Hillsborough County; Florida,2188,134375,492800,539,1345,85,1604,641,656,41.7,2188,682,13,656,0,40,12,057,011523,12057011523,0.4007434944237918,0.0529925187032419,0.9771341463414634,0.06097560975609756,0.01906158357771261
Census Tract 115.24; Hillsborough County; Florida,4959,59917,302200,799,3760,74,4343,605,2241,38.6,1491,2853,0,2275,0,13,12,057,011524,12057011524,0.2125,0.017038913193644947,0.26996876394466757,0.005714285714285714,0.0
Census Tract 115.25; Hillsborough County; Florida,3967,108209,556500,1096,2716,31,3115,933,1515,43.7,2777,1315,49,1618,0,19,12,057,011525,12057011525,0.40353460972017674,0.009951845906902087,0.6158415841584158,0.011742892459826947,0.037262357414448666
Census Tract 115.26; Hillsborough County; Florida,4227,90256,296700,1075,3235,52,3551,1248,1896,37.9,1698,1877,0,1960,0,327,12,057,011526,12057011526,0.3323029366306028,0.014643762320473106,0.6582278481012658,0.16683673469387755,0.0
Census Tract 115.27; Hillsborough County; Florida,3905,157776,467500,913,2620,77,2827,1322,1367,38.6,3172,1429,0,1457,12,65,12,057,011527,12057011527,0.3484732824427481,0.027237354085603113,0.9670811997073885,0.05284831846259437,0.0
Census Tract 115.28; Hillsborough County; Florida,5940,146932,480600,1504,4029,101,4593,1817,2026,44.1,2410,2099,169,2039,0,216,12,057,011528,12057011528,0.37329362124596677,0.021989984759416503,0.8968410661401777,0.10593428151054439,0.08051453072891854
Census Tract 116.03; Hillsborough County; Florida,4506,86210,297700,693,3127,105,3585,1011,1436,38.6,1367,2118,32,1553,0,0,12,057,011603,12057011603,0.22161816437480014,0.029288702928870293,0.7040389972144847,0.0,0.015108593012275733
Census Tract 116.05; Hillsborough County; Florida,6883,53750,248600,785,4742,183,5420,1459,2151,38.7,1442,2874,133,2182,0,0,12,057,011605,12057011605,0.16554196541543653,0.033763837638376384,0.6782891678289168,0.0,0.04627696590118302
Census Tract 116.10; Hillsborough County; Florida,6172,49103,187000,696,4620,274,5234,1378,2334,42.6,1072,2570,0,2644,0,99,12,057,011610,12057011610,0.15064935064935064,0.05235001910584639,0.5904027420736933,0.03744326777609682,0.0
Census Tract 116.11; Hillsborough County; Florida,4272,59563,250100,668,3113,56,3552,1103,1548,37.6,1431,2136,22,1688,0,97,12,057,011611,12057011611,0.2145840025698683,0.015765765765765764,0.712532299741602,0.057464454976303314,0.010299625468164793
Census Tract 116.12; Hillsborough County; Florida,6626,71632,291500,1244,5053,131,5543,1509,2551,43.0,1584,3460,0,2771,0,0,12,057,011612,12057011612,0.24619038195131604,0.02363341151001263,0.5915327322618581,0.0,0.0
Census Tract 116.13; Hillsborough County; Florida,5798,47182,264400,729,4707,187,5005,1114,2035,48.4,1210,2660,43,2195,0,79,12,057,011613,12057011613,0.15487571701720843,0.03736263736263736,0.5474201474201474,0.03599088838268793,0.016165413533834588
Census Tract 116.14; Hillsborough County; Florida,7898,58846,211000,776,5196,333,6067,1676,2600,36.0,1622,3531,0,2721,0,34,12,057,011614,12057011614,0.14934565050038492,0.05488709411570793,0.6446153846153846,0.012495406100698273,0.0
Census Tract 116.15; Hillsborough County; Florida,4997,62528,254000,384,3093,79,3685,717,1700,30.2,1579,2500,24,1880,0,182,12,057,011615,12057011615,0.12415130940834142,0.021438263229308006,0.42176470588235293,0.09680851063829787,0.0096
Census Tract 116.16; Hillsborough County; Florida,10852,84688,234000,1575,7612,289,8669,2957,3703,41.5,1864,4311,23,4073,0,384,12,057,011616,12057011616,0.20691014188124016,0.033337178451955246,0.7985417229273561,0.09427940093297324,0.005335189051264208
Census Tract 116.17; Hillsborough County; Florida,3938,63312,264800,868,2915,63,3144,1207,1588,36.8,1415,1541,29,1781,0,108,12,057,011617,12057011617,0.29777015437392795,0.020038167938931296,0.7600755667506297,0.060640089837170126,0.01881894873458793
Census Tract 117.08; Hillsborough County; Florida,5035,84919,639800,1316,4052,69,4593,591,2470,35.1,1922,3052,107,2599,35,197,12,057,011708,12057011708,0.32477788746298125,0.015022860875244938,0.23927125506072874,0.08926510196229319,0.03505897771952818
Census Tract 117.12; Hillsborough County; Florida,5246,64897,315200,1206,3916,177,4411,1300,2365,39.1,1385,2804,54,2710,0,41,12,057,011712,12057011712,0.3079673135852911,0.040126955338925414,0.5496828752642706,0.015129151291512915,0.01925820256776034
Census Tract 117.13; Hillsborough County; Florida,5429,80166,486000,1670,4163,393,4623,583,2581,32.0,1650,2410,139,2730,0,322,12,057,011713,12057011713,0.40115301465289455,0.08500973393900065,0.225881441301821,0.11794871794871795,0.057676348547717846
Census Tract 117.14; Hillsborough County; Florida,2349,99688,248100,467,1744,61,1945,716,1007,42.9,1209,735,0,1138,0,0,12,057,011714,12057011714,0.2677752293577982,0.031362467866323906,0.7110228401191658,0.0,0.0
Census Tract 117.15; Hillsborough County; Florida,2725,56794,223200,308,1959,113,2316,469,893,38.1,1228,1466,26,905,0,18,12,057,011715,12057011715,0.15722307299642674,0.048791018998272886,0.5251959686450168,0.019889502762430938,0.017735334242837655
Census Tract 117.16; Hillsborough County; Florida,6099,67656,197400,747,4306,273,5174,609,2434,33.8,1686,3029,52,2553,0,241,12,057,011716,12057011716,0.1734788666976312,0.052763819095477386,0.2502054231717338,0.09439874657265962,0.017167381974248927
Census Tract 118.02; Hillsborough County; Florida,6114,49293,236800,573,5006,72,5745,1689,2185,51.3,1176,2473,120,2209,0,56,12,057,011802,12057011802,0.11446264482620855,0.012532637075718016,0.7729977116704806,0.025350837483023993,0.04852405984634048
Census Tract 118.04; Hillsborough County; Florida,5792,53229,209100,566,4241,240,4974,971,1812,42.5,1304,2864,19,1951,0,47,12,057,011804,12057011804,0.13345908983730254,0.04825090470446321,0.5358719646799117,0.02409021014864172,0.006634078212290503
Census Tract 118.05; Hillsborough County; Florida,4276,65123,326000,756,3159,452,3733,699,1659,39.2,1407,2329,11,1691,0,256,12,057,011805,12057011805,0.23931623931623933,0.12108223948566836,0.4213381555153707,0.15138971023063277,0.0047230571060541005
Census Tract 118.06; Hillsborough County; Florida,2657,39604,114800,288,1959,94,2213,155,1307,35.5,1041,1549,22,1347,0,110,12,057,011806,12057011806,0.14701378254211334,0.042476276547672845,0.11859219586840092,0.08166295471417966,0.014202711426726921
Census Tract 119.05; Hillsborough County; Florida,1994,49902,255100,403,1548,5,1695,193,543,38.0,1255,968,11,637,0,5,12,057,011905,12057011905,0.2603359173126615,0.0029498525073746312,0.35543278084714547,0.007849293563579277,0.011363636363636364
Census Tract 119.07; Hillsborough County; Florida,3524,60533,287000,741,2492,103,2972,507,1601,34.6,1546,2002,127,1711,0,85,12,057,011907,12057011907,0.29735152487961475,0.03465679676985195,0.31667707682698315,0.049678550555230856,0.06343656343656344
Census Tract 119.08; Hillsborough County; Florida,2423,26891,-666666666,251,1753,130,1928,9,1075,33.6,1218,989,124,1148,0,39,12,057,011908,12057011908,0.14318311466058187,0.06742738589211618,0.008372093023255815,0.03397212543554007,0.12537917087967643
Census Tract 119.09; Hillsborough County; Florida,3560,55871,317000,494,2726,246,3173,1277,1393,36.9,1471,1691,0,1430,63,38,12,057,011909,12057011909,0.18121790168745414,0.07752915222187204,0.9167264895908112,0.07062937062937064,0.0
Census Tract 119.10; Hillsborough County; Florida,3562,50957,266800,358,2536,96,2985,628,1517,35.9,1130,1674,10,1517,0,0,12,057,011910,12057011910,0.1411671924290221,0.032160804020100506,0.4139749505603164,0.0,0.005973715651135006
Census Tract 119.11; Hillsborough County; Florida,5807,46552,253700,680,4032,215,4740,762,2449,37.1,1274,2831,39,2708,0,64,12,057,011911,12057011911,0.16865079365079366,0.04535864978902954,0.31114740710494077,0.023633677991137372,0.01377605086541858
Census Tract 120.01; Hillsborough County; Florida,2595,55781,183400,278,1924,96,2114,795,1091,45.0,1365,958,5,1263,0,45,12,057,012001,12057012001,0.1444906444906445,0.04541154210028382,0.7286892758936755,0.035629453681710214,0.005219206680584551
Census Tract 120.02; Hillsborough County; Florida,4154,39594,133100,262,2532,102,3038,795,1367,31.6,1204,1540,37,1455,0,47,12,057,012002,12057012002,0.10347551342812006,0.03357472021066491,0.5815654718361375,0.03230240549828179,0.024025974025974027
Census Tract 121.03; Hillsborough County; Florida,7510,71157,134400,409,4691,308,5508,1401,2978,31.6,1478,3219,48,3119,0,567,12,057,012103,12057012103,0.08718823278618631,0.05591866376180102,0.47044996642041637,0.18178903494709842,0.014911463187325256
Census Tract 121.06; Hillsborough County; Florida,5474,84100,290800,610,3684,80,4379,1673,1870,40.8,1646,2143,22,2014,12,204,12,057,012106,12057012106,0.16558089033659065,0.018269011189769355,0.8946524064171123,0.10724925521350546,0.01026598226784881
Census Tract 121.07; Hillsborough County; Florida,4589,43205,223800,402,3548,89,3928,1207,2039,44.7,1183,1851,24,2222,11,102,12,057,012107,12057012107,0.1133032694475761,0.02265784114052953,0.5919568415890142,0.050855085508550855,0.012965964343598054
Census Tract 121.08; Hillsborough County; Florida,3850,70417,245500,429,2386,48,2817,972,1194,32.4,1500,1728,66,1258,0,244,12,057,012108,12057012108,0.17979882648784576,0.01703940362087327,0.8140703517587939,0.19395866454689983,0.03819444444444445
Census Tract 121.09; Hillsborough County; Florida,2826,38219,206800,161,1858,62,1902,196,1181,32.5,1083,1005,22,1335,35,145,12,057,012109,12057012109,0.08665231431646932,0.03259726603575184,0.165961049957663,0.1348314606741573,0.021890547263681594
Census Tract 121.10; Hillsborough County; Florida,5162,53646,192300,304,3679,169,4242,1300,1994,36.6,1226,1988,0,2028,147,206,12,057,012110,12057012110,0.08263114976895895,0.03983969825553984,0.6519558676028084,0.17406311637080868,0.0
Census Tract 122.06; Hillsborough County; Florida,6221,92901,274500,1072,4753,432,5171,1921,2268,44.2,1808,2649,7,2379,0,165,12,057,012206,12057012206,0.22554176309699137,0.08354283504157803,0.8470017636684304,0.06935687263556116,0.0026425066062665155
Census Tract 122.07; Hillsborough County; Florida,7931,80405,252700,1446,5623,185,6505,2423,2831,39.9,2143,3258,47,2925,0,236,12,057,012207,12057012207,0.25715810065801176,0.02843966179861645,0.8558813140233134,0.08068376068376068,0.014426028238182934
Census Tract 122.08; Hillsborough County; Florida,6008,113333,292900,1532,4567,110,5271,2073,2242,42.2,2555,3045,83,2312,0,291,12,057,012208,12057012208,0.3354499671556821,0.020868905331056724,0.9246208742194469,0.1258650519031142,0.027257799671592774
Census Tract 122.09; Hillsborough County; Florida,5286,102734,372700,874,3770,123,4546,1378,1840,41.7,1821,2042,35,1880,38,267,12,057,012209,12057012209,0.23183023872679046,0.027056753189617245,0.7489130434782608,0.1622340425531915,0.017140058765915768
Census Tract 122.10; Hillsborough County; Florida,5916,72941,227300,798,3841,100,4839,1642,2128,44.4,1289,2580,28,2394,0,247,12,057,012210,12057012210,0.2077583962509763,0.020665426741062202,0.7716165413533834,0.10317460317460317,0.010852713178294573
Census Tract 122.11; Hillsborough County; Florida,1958,19063,-666666666,93,1483,0,1944,13,21,33.2,-666666666,4,0,21,0,0,12,057,012211,12057012211,0.06271072151045179,0.0,0.6190476190476191,0.0,0.0
Census Tract 122.12; Hillsborough County; Florida,4184,47447,347300,375,2412,51,3173,295,1630,29.4,1258,2011,85,1745,0,88,12,057,012212,12057012212,0.15547263681592038,0.016073116924046643,0.18098159509202455,0.0504297994269341,0.04226752859273993
Census Tract 122.13; Hillsborough County; Florida,4922,79330,250900,628,3559,62,4013,1397,1876,39.9,1699,2117,68,1962,41,241,12,057,012213,12057012213,0.1764540601292498,0.01544978818838774,0.7446695095948828,0.1437308868501529,0.03212092583845064
Census Tract 123.01; Hillsborough County; Florida,6513,67848,225900,1031,5088,72,5754,1760,2653,43.0,1107,2778,0,2667,0,35,12,057,012301,12057012301,0.20263364779874213,0.01251303441084463,0.6633999246136449,0.013123359580052493,0.0
Census Tract 123.03; Hillsborough County; Florida,4034,67816,234700,533,2896,107,3367,924,1621,37.4,1419,1998,62,1702,0,96,12,057,012303,12057012303,0.18404696132596685,0.031779031779031776,0.5700185070943862,0.0564042303172738,0.031031031031031032
Census Tract 123.04; Hillsborough County; Florida,4857,64807,233100,683,3558,73,4028,1024,1769,36.5,1209,2333,200,1862,33,61,12,057,012304,12057012304,0.1919617762788083,0.018123138033763656,0.5788581119276427,0.050483351235230935,0.08572653236176597
Census Tract 124.01; Hillsborough County; Florida,4963,46176,241600,288,3276,109,3931,1193,1809,39.0,764,1730,93,1928,0,105,12,057,012401,12057012401,0.08791208791208792,0.02772831340625795,0.6594803758982863,0.05446058091286307,0.05375722543352601
Census Tract 124.02; Hillsborough County; Florida,3079,75146,284900,186,1839,91,2480,585,841,35.2,907,1259,0,972,0,59,12,057,012402,12057012402,0.10114192495921696,0.03669354838709677,0.6956004756242569,0.060699588477366256,0.0
Census Tract 124.03; Hillsborough County; Florida,6368,73750,234000,381,4219,126,5184,1473,1871,35.3,1155,2768,3,2015,0,367,12,057,012403,12057012403,0.0903057596586869,0.024305555555555556,0.7872795296632816,0.18213399503722083,0.001083815028901734
Census Tract 125.01; Hillsborough County; Florida,4088,49018,154500,435,2947,59,3343,953,1459,38.2,1234,1673,0,1768,0,74,12,057,012501,12057012501,0.1476077366813709,0.01764881842656297,0.6531871144619602,0.0418552036199095,0.0
Census Tract 125.03; Hillsborough County; Florida,5012,83523,297400,842,3535,24,3988,1307,1959,42.4,1241,2005,11,2012,0,74,12,057,012503,12057012503,0.2381895332390382,0.006018054162487462,0.6671771311893824,0.036779324055666,0.005486284289276808
Census Tract 125.04; Hillsborough County; Florida,3711,94754,310000,704,2677,151,2931,1252,1385,39.0,1746,1892,36,1385,97,140,12,057,012504,12057012504,0.2629809488233097,0.05151825315591948,0.903971119133574,0.1711191335740072,0.019027484143763214
Census Tract 126; Hillsborough County; Florida,5219,47435,213000,487,3363,38,3983,1415,2010,40.7,1313,2409,238,2215,0,129,12,057,012600,12057012600,0.1448111804936069,0.009540547326136078,0.7039800995024875,0.058239277652370205,0.0987961809879618
Census Tract 127.01; Hillsborough County; Florida,6730,62683,130900,295,3877,102,5220,899,2086,31.5,1176,3183,38,2256,15,175,12,057,012701,12057012701,0.07608976012380707,0.01954022988505747,0.43096836049856185,0.08421985815602837,0.011938422871504869
Census Tract 127.02; Hillsborough County; Florida,3938,54504,220700,350,2718,46,3101,686,1447,36.5,1105,1756,0,1504,0,12,12,057,012702,12057012702,0.1287711552612215,0.014833924540470816,0.47408431237042153,0.007978723404255319,0.0
Census Tract 128; Hillsborough County; Florida,3737,60807,179400,467,2772,131,3094,1101,1437,38.9,1397,1815,0,1518,0,176,12,057,012800,12057012800,0.16847041847041846,0.042340012928248225,0.7661795407098121,0.11594202898550725,0.0
Census Tract 129; Hillsborough County; Florida,3109,48994,110500,56,2229,94,2420,556,1122,39.1,1112,1345,9,1205,0,0,12,057,012900,12057012900,0.02512337371018394,0.03884297520661157,0.49554367201426025,0.0,0.006691449814126394
Census Tract 130.01; Hillsborough County; Florida,4029,66250,181400,189,2317,160,2880,839,1243,31.0,1295,1750,13,1303,0,137,12,057,013001,12057013001,0.08157099697885196,0.05555555555555555,0.674979887369268,0.10514198004604758,0.0074285714285714285
Census Tract 130.02; Hillsborough County; Florida,5566,66833,221700,563,3702,87,4398,1259,1740,38.2,1024,2506,69,1854,0,451,12,057,013002,12057013002,0.15207995678011885,0.019781718963165076,0.7235632183908046,0.24325782092772383,0.02753391859537111
Census Tract 130.03; Hillsborough County; Florida,4055,58299,271300,250,2643,82,3188,723,1289,34.6,1110,2036,0,1391,0,239,12,057,013003,12057013003,0.09458948164964057,0.025721455457967377,0.560899922420481,0.17181883537023723,0.0
Census Tract 130.04; Hillsborough County; Florida,3736,94079,357500,747,2781,53,3268,1024,1316,45.6,1224,2078,18,1411,31,135,12,057,013004,12057013004,0.2686084142394822,0.016217870257037945,0.7781155015197568,0.11764705882352941,0.008662175168431183
Census Tract 131; Hillsborough County; Florida,2864,60962,214600,215,1881,233,2334,704,934,43.4,1292,1080,10,983,0,87,12,057,013100,12057013100,0.11430090377458799,0.09982862039417309,0.7537473233404711,0.08850457782299084,0.009259259259259259
Census Tract 132.03; Hillsborough County; Florida,3356,87974,370200,438,2299,96,2722,1016,1141,40.9,1650,1356,39,1182,46,50,12,057,013203,12057013203,0.19051761635493694,0.03526818515797208,0.8904469763365469,0.08121827411167512,0.028761061946902654
Census Tract 132.04; Hillsborough County; Florida,3993,56338,73100,636,3264,153,3493,1329,1803,56.4,1455,1181,0,2010,0,257,12,057,013204,12057013204,0.1948529411764706,0.04380188949327226,0.7371048252911814,0.12786069651741294,0.0
Census Tract 132.05; Hillsborough County; Florida,9218,101691,285300,993,6162,173,7863,2389,3125,42.5,1703,4388,74,3260,0,141,12,057,013205,12057013205,0.1611489776046738,0.02200178049090678,0.76448,0.04325153374233129,0.016864175022789425
Census Tract 132.06; Hillsborough County; Florida,5025,102542,358100,1193,3659,54,4235,1586,1923,45.8,2269,2317,50,1992,28,51,12,057,013206,12057013206,0.32604536758677233,0.012750885478158206,0.8247529901196048,0.03965863453815261,0.02157962883038412
Census Tract 132.07; Hillsborough County; Florida,4491,95956,309200,683,3201,138,3792,1232,1527,43.1,1351,1778,135,1597,0,372,12,057,013207,12057013207,0.2133708216182443,0.03639240506329114,0.8068107400130976,0.2329367564182843,0.07592800899887514
Census Tract 132.08; Hillsborough County; Florida,4958,122794,408500,1405,3621,147,4027,1583,1850,51.0,2340,1807,20,1906,0,25,12,057,013208,12057013208,0.388014360673847,0.03650360069530668,0.8556756756756757,0.013116474291710388,0.011068068622025456
Census Tract 133.05; Hillsborough County; Florida,4924,119408,378300,1193,3498,168,3855,1581,1705,43.4,1717,1682,61,1824,21,206,12,057,013305,12057013305,0.341052029731275,0.04357976653696498,0.9272727272727272,0.12445175438596491,0.03626634958382877
Census Tract 133.07; Hillsborough County; Florida,4217,62237,253400,761,3008,154,3417,494,1684,34.5,1567,1737,0,1750,0,90,12,057,013307,12057013307,0.25299202127659576,0.04506877377816798,0.29334916864608074,0.05142857142857143,0.0
Census Tract 133.10; Hillsborough County; Florida,2311,91964,288500,389,1813,28,1985,766,1092,44.4,1783,1208,48,1121,0,29,12,057,013310,12057013310,0.214561500275786,0.014105793450881612,0.7014652014652014,0.025869759143621766,0.039735099337748346
Census Tract 133.11; Hillsborough County; Florida,3248,53558,223600,532,2046,139,2623,594,1344,32.2,1206,1260,21,1432,0,13,12,057,013311,12057013311,0.260019550342131,0.05299275638581777,0.4419642857142857,0.009078212290502794,0.016666666666666666
Census Tract 133.12; Hillsborough County; Florida,5392,81731,292700,788,3837,117,4464,1465,1976,43.3,1603,2169,29,2034,0,263,12,057,013312,12057013312,0.20536877769090436,0.02620967741935484,0.7413967611336032,0.12930186823992135,0.013370216689718764
Census Tract 133.13; Hillsborough County; Florida,4746,97202,294700,771,3522,86,3987,1642,1757,45.8,2258,1994,9,1877,23,42,12,057,013313,12057013313,0.21890971039182283,0.021570102834211187,0.9345475241889585,0.03462972828982419,0.004513540621865597
Census Tract 133.14; Hillsborough County; Florida,3376,85357,328500,405,2233,205,2688,917,1030,38.2,1716,1153,4,1232,13,0,12,057,013314,12057013314,0.1813703537841469,0.07626488095238096,0.8902912621359224,0.010551948051948052,0.003469210754553339
Census Tract 133.15; Hillsborough County; Florida,4783,69173,162700,1063,3577,141,4210,137,2889,29.7,1649,3263,36,3177,15,1031,12,057,013315,12057013315,0.2971764048084987,0.0334916864608076,0.04742125302872966,0.329241422725842,0.011032791909285933
Census Tract 133.16; Hillsborough County; Florida,2992,57575,-666666666,227,1658,73,2241,0,1205,28.1,1378,1380,109,1295,0,135,12,057,013316,12057013316,0.13691194209891436,0.03257474341811691,0.0,0.10424710424710425,0.07898550724637682
Census Tract 133.17; Hillsborough County; Florida,2753,65579,-666666666,578,1827,163,2232,9,1339,30.5,1702,1450,19,1536,0,440,12,057,013317,12057013317,0.3163656267104543,0.07302867383512544,0.006721433905899925,0.2864583333333333,0.01310344827586207
Census Tract 133.19; Hillsborough County; Florida,6150,66754,234000,1547,4285,144,5040,1159,2853,35.5,1708,2957,0,3212,0,1053,12,057,013319,12057013319,0.36102683780630107,0.02857142857142857,0.4062390466175955,0.32783312577833124,0.0
Census Tract 133.20; Hillsborough County; Florida,4836,66858,294200,741,3412,137,4093,762,1867,36.9,1499,1652,52,1899,12,373,12,057,013320,12057013320,0.2171746776084408,0.03347178108966528,0.40814140332083554,0.2027382833070037,0.031476997578692496
Census Tract 133.22; Hillsborough County; Florida,7182,75781,273400,1202,5190,39,5711,1267,2836,37.3,1715,3712,39,3248,0,64,12,057,013322,12057013322,0.23159922928709056,0.006828926632813868,0.4467559943582511,0.019704433497536946,0.01050646551724138
Census Tract 133.23; Hillsborough County; Florida,11385,70180,211500,2091,8054,173,9251,2084,4348,34.4,1678,4452,50,4831,0,264,12,057,013323,12057013323,0.25962254780233424,0.018700681007458652,0.47930082796688134,0.054647070999793004,0.011230907457322551
Census Tract 134.06; Hillsborough County; Florida,1373,56371,220400,114,879,21,961,223,446,30.4,1188,447,14,470,27,24,12,057,013406,12057013406,0.1296928327645051,0.021852237252861603,0.5,0.10851063829787234,0.03131991051454139
Census Tract 134.07; Hillsborough County; Florida,7176,111696,356200,1597,5002,125,5575,2168,2449,41.6,2014,2665,13,2554,0,147,12,057,013407,12057013407,0.3192722910835666,0.02242152466367713,0.8852592895059208,0.05755677368833203,0.004878048780487805
Census Tract 134.09; Hillsborough County; Florida,5705,99235,317200,1135,3800,117,4632,1435,1740,42.4,2244,2228,22,1822,0,86,12,057,013409,12057013409,0.2986842105263158,0.025259067357512953,0.8247126436781609,0.04720087815587267,0.009874326750448833
Census Tract 134.10; Hillsborough County; Florida,4392,68030,205300,525,2846,159,3322,887,1822,36.2,1464,2081,74,1972,9,36,12,057,013410,12057013410,0.18446943078004216,0.04786273329319687,0.486827661909989,0.02281947261663286,0.035559827006247
Census Tract 134.11; Hillsborough County; Florida,3303,72857,299500,492,2365,159,2765,916,1330,41.7,1163,1243,0,1393,19,316,12,057,013411,12057013411,0.2080338266384778,0.057504520795660034,0.6887218045112782,0.2404881550610194,0.0
Census Tract 134.12; Hillsborough County; Florida,4175,96550,305200,339,2860,96,3301,1108,1429,37.6,1333,1552,36,1509,58,11,12,057,013412,12057013412,0.11853146853146854,0.02908209633444411,0.7753673897830651,0.04572564612326044,0.023195876288659795
Census Tract 134.13; Hillsborough County; Florida,3645,116432,384000,609,2615,98,2963,1256,1349,44.9,1398,1552,47,1417,14,110,12,057,013413,12057013413,0.232887189292543,0.0330745865676679,0.9310600444773907,0.08750882145377559,0.030283505154639175
Census Tract 134.14; Hillsborough County; Florida,5920,96413,358900,1212,4540,183,5187,1760,2250,49.3,2029,2634,9,2403,0,78,12,057,013414,12057013414,0.2669603524229075,0.035280508964719494,0.7822222222222223,0.03245942571785269,0.003416856492027335
Census Tract 134.15; Hillsborough County; Florida,3929,123295,322100,998,2639,113,2990,892,1235,37.6,2369,1625,26,1326,0,0,12,057,013415,12057013415,0.3781735505873437,0.03779264214046823,0.7222672064777328,0.0,0.016
Census Tract 135.01; Hillsborough County; Florida,4377,61544,198700,387,2697,83,3217,849,1564,30.9,1151,1450,0,1676,72,47,12,057,013501,12057013501,0.14349276974416017,0.025800435188063412,0.5428388746803069,0.07100238663484487,0.0
Census Tract 135.03; Hillsborough County; Florida,3973,51429,151600,93,2526,205,3052,695,1174,36.6,1183,1623,44,1304,17,59,12,057,013503,12057013503,0.03681710213776722,0.06716906946264745,0.5919931856899489,0.05828220858895705,0.027110289587184228
Census Tract 135.04; Hillsborough County; Florida,2921,54775,179900,218,2087,69,2350,853,1160,40.1,1164,1506,50,1206,0,0,12,057,013504,12057013504,0.10445615716339243,0.029361702127659574,0.7353448275862069,0.0,0.033200531208499334
Census Tract 135.05; Hillsborough County; Florida,3288,51192,151100,178,2163,73,2677,840,1163,39.3,1196,1432,3,1240,0,12,12,057,013505,12057013505,0.08229311141932501,0.02726933134105342,0.7222699914015477,0.00967741935483871,0.002094972067039106
Census Tract 136.02; Hillsborough County; Florida,2475,53750,200900,116,1398,104,1692,618,802,33.8,1154,739,11,930,103,123,12,057,013602,12057013602,0.08297567954220315,0.061465721040189124,0.770573566084788,0.24301075268817204,0.014884979702300407
Census Tract 136.04; Hillsborough County; Florida,1194,46250,139800,88,906,16,996,225,436,47.1,846,454,0,505,0,25,12,057,013604,12057013604,0.09713024282560706,0.01606425702811245,0.5160550458715596,0.04950495049504951,0.0
Census Tract 137.02; Hillsborough County; Florida,11169,80383,247400,1874,8045,117,9083,3302,4669,34.7,1723,5592,75,4930,69,2051,12,057,013702,12057013702,0.2329397141081417,0.012881206649785313,0.7072178196615978,0.4300202839756592,0.013412017167381975
Census Tract 137.03; Hillsborough County; Florida,8611,73567,264900,1400,5688,140,6819,1959,3514,30.9,1494,4271,118,3712,23,1673,12,057,013703,12057013703,0.24613220815752462,0.020530869628977856,0.5574843483210017,0.45689655172413796,0.027628190119409975
Census Tract 137.05; Hillsborough County; Florida,7385,75431,294300,866,4488,314,5336,1791,2596,33.2,1420,3069,82,2807,34,189,12,057,013705,12057013705,0.1929590017825312,0.0588455772113943,0.6899075500770416,0.0794442465265408,0.0267188009123493
Census Tract 137.06; Hillsborough County; Florida,3048,47651,-666666666,450,2068,71,2674,37,1355,28.0,1562,1734,40,1422,0,311,12,057,013706,12057013706,0.21760154738878143,0.026551982049364247,0.02730627306273063,0.21870604781997188,0.02306805074971165
Census Tract 138.01; Hillsborough County; Florida,2387,49135,126900,88,1407,111,1567,339,754,33.0,1046,960,10,922,0,18,12,057,013801,12057013801,0.06254442075337598,0.07083599234205488,0.4496021220159151,0.019522776572668113,0.010416666666666666
Census Tract 138.02; Hillsborough County; Florida,3487,55679,240100,193,2414,63,2792,673,1430,38.5,1445,1357,25,1647,30,361,12,057,013802,12057013802,0.07995028997514499,0.022564469914040115,0.4706293706293706,0.2374013357619915,0.018422991893883568
Census Tract 138.03; Hillsborough County; Florida,1612,44688,165800,127,1062,63,1226,340,632,36.2,1023,628,24,688,0,20,12,057,013803,12057013803,0.11958568738229755,0.05138662316476346,0.5379746835443038,0.029069767441860465,0.03821656050955414
Census Tract 138.04; Hillsborough County; Florida,10339,91488,257200,1127,6261,338,7513,2527,3261,33.2,1507,4539,207,3306,43,1110,12,057,013804,12057013804,0.18000319437789492,0.04498868627711966,0.7749156700398651,0.3487598306110103,0.04560475875743556
Census Tract 138.06; Hillsborough County; Florida,3862,94904,304500,602,2640,67,3042,1120,1298,37.6,2283,1490,12,1298,133,774,12,057,013806,12057013806,0.22803030303030303,0.0220249835634451,0.8628659476117103,0.6987673343605547,0.008053691275167786
Census Tract 138.07; Hillsborough County; Florida,9812,86142,257200,1316,6566,101,7276,2803,3498,34.0,2160,4287,217,3858,145,1330,12,057,013807,12057013807,0.20042643923240938,0.013881253435953821,0.8013150371640938,0.3823224468636599,0.050618147888966646
Census Tract 139.03; Hillsborough County; Florida,3660,85219,211300,427,2559,28,2787,973,1116,44.1,926,1381,47,1273,26,114,12,057,013903,12057013903,0.16686205549042596,0.010046645138141371,0.8718637992831542,0.10997643362136685,0.03403330919623461
Census Tract 139.07; Hillsborough County; Florida,3388,82500,226300,125,2276,46,2495,613,746,34.0,1065,1177,6,848,4,88,12,057,013907,12057013907,0.05492091388400703,0.01843687374749499,0.82171581769437,0.10849056603773585,0.005097706032285472
Census Tract 139.12; Hillsborough County; Florida,7544,106250,376400,1077,4780,300,5880,1784,2090,36.2,1846,3221,130,2128,169,986,12,057,013912,12057013912,0.22531380753138075,0.05102040816326531,0.8535885167464115,0.5427631578947368,0.04036013660353927
Census Tract 139.13; Hillsborough County; Florida,13813,98188,350500,1840,9332,190,10663,3809,4585,37.3,1162,5101,218,4935,279,3196,12,057,013913,12057013913,0.19717102443206172,0.017818625152396135,0.830752453653217,0.7041540020263425,0.042736718290531266
Census Tract 139.14; Hillsborough County; Florida,9550,55167,317700,612,5138,101,6324,2182,2606,29.8,1171,2971,33,2623,221,1342,12,057,013914,12057013914,0.1191124951342935,0.01597090449082859,0.837298541826554,0.5958825772016775,0.01110737125546954
Census Tract 139.15; Hillsborough County; Florida,10532,110858,340700,1601,7310,310,8251,2466,3474,38.2,2087,4505,176,3532,83,1621,12,057,013915,12057013915,0.21901504787961695,0.037571203490486,0.7098445595854922,0.4824462061155153,0.0390677025527192
Census Tract 139.16; Hillsborough County; Florida,17063,110425,295100,2720,11284,555,12572,4440,5472,35.2,2178,6714,270,5888,278,3564,12,057,013916,12057013916,0.24104927330733783,0.04414572064906141,0.8114035087719298,0.6525135869565217,0.040214477211796246
Census Tract 139.17; Hillsborough County; Florida,7152,86667,261500,855,4541,179,5304,1531,2364,36.0,1693,2869,65,2522,0,263,12,057,013917,12057013917,0.18828451882845187,0.03374811463046757,0.6476311336717429,0.10428231562252181,0.02265597769257581
Census Tract 139.18; Hillsborough County; Florida,1774,88938,343700,113,1175,17,1321,439,603,39.2,1057,683,0,661,0,63,12,057,013918,12057013918,0.09617021276595744,0.012869038607115822,0.7280265339966833,0.09531013615733737,0.0
Census Tract 139.19; Hillsborough County; Florida,6722,92675,313100,1136,4551,166,5121,1786,2339,36.4,2125,2975,33,2528,92,281,12,057,013919,12057013919,0.24961546912766425,0.032415543839093924,0.7635741769987174,0.1475474683544304,0.011092436974789916
Census Tract 139.22; Hillsborough County; Florida,8621,127983,422000,1359,4948,135,5714,1924,2469,30.8,2382,2781,17,2516,0,681,12,057,013922,12057013922,0.27465642683912694,0.023626181309065453,0.7792628594572701,0.2706677265500795,0.006112909025530385
Census Tract 139.23; Hillsborough County; Florida,9845,110259,476200,1681,6154,229,7062,2524,3281,36.9,1948,3451,41,3463,71,2059,12,057,013923,12057013923,0.2731556711082223,0.03242707448314925,0.7692776592502286,0.6150736355760901,0.011880614314691394
Census Tract 139.24; Hillsborough County; Florida,4668,98618,295300,1157,3171,141,3631,1458,1533,34.9,2083,1829,13,1617,60,669,12,057,013924,12057013924,0.3648691264585304,0.03883227760947398,0.9510763209393346,0.45083487940630795,0.007107709130672498
Census Tract 139.25; Hillsborough County; Florida,4637,63413,-666666666,616,3422,290,3832,1872,2160,46.3,1677,1593,20,2575,0,354,12,057,013925,12057013925,0.18001168907071888,0.075678496868476,0.8666666666666667,0.13747572815533982,0.012554927809165096
Census Tract 139.26; Hillsborough County; Florida,8297,148750,483700,1514,5228,298,6171,2067,2409,39.2,2411,3277,127,2613,0,772,12,057,013926,12057013926,0.28959449120122416,0.04829039053637984,0.8580323785803238,0.29544584768465365,0.03875495880378395
Census Tract 140.02; Hillsborough County; Florida,2562,50172,98600,228,2059,73,2200,1006,1266,60.5,769,546,0,1789,26,255,12,057,014002,12057014002,0.11073336571151045,0.03318181818181818,0.7946287519747235,0.15707098937954164,0.0
Census Tract 140.03; Hillsborough County; Florida,1919,78906,295700,326,1360,32,1434,620,628,41.8,-666666666,552,61,702,0,30,12,057,014003,12057014003,0.23970588235294119,0.022315202231520222,0.9872611464968153,0.042735042735042736,0.1105072463768116
Census Tract 140.07; Hillsborough County; Florida,10140,78438,290400,1708,6830,155,7808,2718,3353,34.8,1921,3900,68,3538,374,2044,12,057,014007,12057014007,0.2500732064421669,0.019851434426229508,0.8106173575902177,0.6834369700395704,0.017435897435897435
Census Tract 140.08; Hillsborough County; Florida,3155,66026,237300,721,3155,0,3155,1613,1884,73.9,3050,389,15,2159,0,63,12,057,014008,12057014008,0.22852614896988907,0.0,0.8561571125265393,0.029180176007410838,0.038560411311053984
Census Tract 140.09; Hillsborough County; Florida,2251,67417,277700,521,2022,55,2163,493,994,73.9,1885,341,0,1042,12,65,12,057,014009,12057014009,0.25766567754698316,0.025427646786870088,0.4959758551307847,0.07389635316698656,0.0
Census Tract 140.10; Hillsborough County; Florida,2208,46341,193000,393,2186,22,2196,1210,1410,72.0,1432,266,0,1661,0,0,12,057,014010,12057014010,0.1797804208600183,0.010018214936247723,0.8581560283687943,0.0,0.0
Census Tract 140.11; Hillsborough County; Florida,4184,45570,142500,756,4184,40,4184,2059,2670,75.1,1089,396,0,3081,0,45,12,057,014011,12057014011,0.1806883365200765,0.009560229445506692,0.7711610486891386,0.014605647517039922,0.0
Census Tract 140.12; Hillsborough County; Florida,2730,63291,235200,571,2730,15,2730,1488,1631,73.7,1764,278,8,2095,0,305,12,057,014012,12057014012,0.20915750915750916,0.005494505494505495,0.9123237277743715,0.14558472553699284,0.02877697841726619
Census Tract 140.13; Hillsborough County; Florida,1261,46842,156800,32,876,0,1012,199,362,47.6,954,563,0,414,12,7,12,057,014013,12057014013,0.0365296803652968,0.0,0.5497237569060773,0.04589371980676329,0.0
Census Tract 140.14; Hillsborough County; Florida,2142,37222,217000,435,2135,19,2135,809,1358,76.3,3270,141,0,1633,0,24,12,057,014014,12057014014,0.20374707259953162,0.008899297423887589,0.5957290132547864,0.014696876913655848,0.0
Census Tract 140.17; Hillsborough County; Florida,2947,71750,300100,652,2866,25,2921,1515,1598,74.4,1850,214,0,1812,13,409,12,057,014017,12057014017,0.2274947662247034,0.008558712769599451,0.9480600750938674,0.23289183222958057,0.0
Census Tract 141.04; Hillsborough County; Florida,1749,46667,44900,150,1548,16,1660,785,950,66.0,681,442,1,1420,9,111,12,057,014104,12057014104,0.09689922480620156,0.00963855421686747,0.8263157894736842,0.08450704225352113,0.0022624434389140274
Census Tract 141.06; Hillsborough County; Florida,3762,76545,198900,316,2826,92,2960,1043,1503,44.1,1615,1419,55,1656,0,166,12,057,014106,12057014106,0.11181882519462137,0.031081081081081083,0.6939454424484365,0.10024154589371981,0.03875968992248062
Census Tract 141.08; Hillsborough County; Florida,6257,52000,216500,484,3735,121,4914,1368,2116,33.6,1052,2558,27,2377,0,115,12,057,014108,12057014108,0.12958500669344042,0.024623524623524625,0.6465028355387523,0.048380311316785864,0.01055512118842846
Census Tract 141.09; Hillsborough County; Florida,8481,74024,221500,736,5380,346,6393,2088,2484,32.5,1721,3653,38,2732,170,1111,12,057,014109,12057014109,0.13680297397769517,0.0541216956045675,0.8405797101449275,0.46888726207906295,0.010402408978921434
Census Tract 141.17; Hillsborough County; Florida,2869,106750,591500,755,2541,62,2682,1141,1392,59.1,1571,1098,39,1576,34,40,12,057,014117,12057014117,0.2971271153089335,0.023117076808351976,0.819683908045977,0.046954314720812185,0.03551912568306011
Census Tract 141.18; Hillsborough County; Florida,4186,101281,379400,788,3465,0,3710,1758,1930,59.3,1956,1425,57,2071,47,517,12,057,014118,12057014118,0.2274170274170274,0.0,0.910880829015544,0.2723322066634476,0.04
Census Tract 141.19; Hillsborough County; Florida,11291,116993,373700,2369,7269,355,8402,3083,3602,36.0,2289,4274,211,3839,354,2016,12,057,014119,12057014119,0.3259045260696107,0.042251844798857414,0.8559133814547474,0.6173482677780672,0.04936827328029948
Census Tract 141.21; Hillsborough County; Florida,5714,109917,337100,1007,4035,153,4609,1448,2035,40.5,1987,2194,9,2574,95,644,12,057,014121,12057014121,0.24956629491945478,0.033195921024083315,0.7115479115479115,0.2871017871017871,0.004102096627164996
Census Tract 141.22; Hillsborough County; Florida,8334,76375,268200,740,4807,168,5725,1890,2538,30.2,1666,3389,112,2679,163,1594,12,057,014122,12057014122,0.15394216767214478,0.029344978165938864,0.7446808510638298,0.6558417319895483,0.03304809678371201
Census Tract 142; Hillsborough County; Florida,2856,30793,250500,529,2394,89,2519,289,1741,37.6,987,1072,51,2194,14,937,12,057,014200,12057014200,0.220969089390142,0.03533148074632791,0.16599655370476737,0.43345487693710116,0.04757462686567164
Census Tract 143; Hillsborough County; Florida,4784,97159,275000,530,3278,35,3771,1295,1541,39.4,1119,2163,78,1631,0,102,12,057,014300,12057014300,0.16168395363026236,0.00928135773004508,0.8403634003893575,0.06253832004904966,0.036061026352288486
Census Tract 144; Hillsborough County; Florida,5354,95208,378600,1016,4046,113,4424,1182,2206,36.9,1685,3026,20,2301,43,736,12,057,014400,12057014400,0.25111220958971825,0.02554249547920434,0.5358114233907525,0.33854845719252497,0.006609385327164574
Census Tract 9801; Hillsborough County; Florida,0,-666666666,-666666666,0,0,0,0,0,0,-666666666.0,-666666666,0,0,0,0,0,12,057,980100,12057980100,,,,,
Census Tract 9802; Hillsborough County; Florida,0,-666666666,-666666666,0,0,0,0,0,0,-666666666.0,-666666666,0,0,0,0,0,12,057,980200,12057980200,,,,,
Census Tract 9803; Hillsborough County; Florida,0,-666666666,-666666666,0,0,0,0,0,0,-666666666.0,-666666666,0,0,0,0,0,12,057,980300,12057980300,,,,,
Census Tract 9804; Hillsborough County; Florida,47,58611,-666666666,4,42,0,47,14,18,71.2,-666666666,9,0,32,0,0,12,057,980400,12057980400,0.09523809523809523,0.0,0.7777777777777778,0.0,0.0
Census Tract 9805; Hillsborough County; Florida,0,-666666666,-666666666,0,0,0,0,0,0,-666666666.0,-666666666,0,0,0,0,0,12,057,980500,12057980500,,,,,
Census Tract 9806; Hillsborough County; Florida,0,-666666666,-666666666,0,0,0,0,0,0,-666666666.0,-666666666,0,0,0,0,0,12,057,980600,12057980600,,,,,
Census Tract 9807; Hillsborough County; Florida,0,-666666666,-666666666,0,0,0,0,0,0,-666666666.0,-666666666,0,0,0,0,0,12,057,980700,12057980700,,,,,
Census Tract 9900; Hillsborough County; Florida,0,-666666666,-666666666,0,0,0,0,0,0,-666666666.0,-666666666,0,0,0,0,0,12,057,990000,12057990000,,,,,
Census Tract 9901; Hillsborough County; Florida,0,-666666666,-666666666,0,0,0,0,0,0,-666666666.0,-666666666,0,0,0,0,0,12,057,990100,12057990100,,,,,
