GEOID,target_home_value,total_population,median_household_income,median_age,median_gross_rent,pct_bachelors,unemployment_rate,pct_owner_occupied,pct_new_housing,pct_long_commute,dist_to_schools,dist_to_parks,dist_to_transit,dist_to_hospitals,count_schools_2km,count_parks_2km,count_transit_2km,count_hospitals_2km,pct_flood_zone,in_flood_zone,tract_area_sqkm,compactness,dist_to_cbd_km,zhvi_county_benchmark
12057000102,214200,6161,31411,40.4,1019,0.1470656460218047,0.1493889591234724,0.3798713583049565,0.0132331902718168,0.0,344.1077138379524,1281.9907320204654,11887.363811662353,1490.2018204490334,4,9,0,1,0.0,0,4.405965508365984,0.6615775570609363,12.12745080515876,
12057014300,275000,4784,97159,39.4,1119,0.1616839536302623,0.009281357730045,0.8403634003893575,0.0625383200490496,0.0360610263522884,9502.463790143338,4146.9578157890755,35411.145801899605,25207.656791783036,0,0,0,0,0.0,0,138.57182098537376,0.35644080164695924,35.99926221446927,
12057004602,220200,1873,68349,41.1,1824,0.2333529758397171,0.0040485829959514,0.4309338521400778,0.3504340962904498,0.0201567749160134,334.0501906391476,871.474484762605,9341.574674165779,5303.781933007377,5,2,0,0,0.0,0,6.2998842292237,0.21972352591910926,8.537769135960813,
12057011716,197400,6099,67656,33.8,1686,0.1734788666976312,0.0527638190954773,0.2502054231717338,0.0943987465726596,0.0171673819742489,881.0524191598026,603.4867941150513,12546.4234179412,2784.323216930399,4,5,0,0,0.0,0,3.13573737200653,0.6636997473254063,11.782915421195614,
12057004601,215600,3682,78889,31.2,1991,0.372076286433969,0.0120718697361033,0.1728927203065134,0.539714058776807,0.0256813417190775,1216.7055912131589,163.26035547288924,6722.7162470519925,3046.020179761306,6,7,0,0,0.0,0,2.3304485076935166,0.7955006296994658,5.9235656234671294,
12057014200,250500,2856,30793,37.6,987,0.220969089390142,0.0353314807463279,0.1659965537047673,0.4334548769371011,0.0475746268656716,247.43771310069326,90.91091209053417,1355.2388148108998,3193.4955669525016,10,25,1,0,0.0,0,2.7690716475222077,0.5791536023399656,1.7729200861734404,
12057011017,453600,2052,112750,33.1,1815,0.2549691569568197,0.0,0.4797619047619048,0.5050962627406569,0.0366441658630665,2343.6413413811315,962.05149572967,18781.46288015841,5576.103500870218,0,4,0,0,0.0,0,13.809397826071322,0.55163543339853,19.09172733018765,
12057006503,313600,1158,54810,32.1,1409,0.3118393234672304,0.0099457504520795,0.1135531135531135,0.0651955867602808,0.0,1175.281980688479,1476.891298099472,10830.452472837189,1438.1182744661955,2,2,0,1,0.0,0,1.1818494970949176,0.6458747149418705,10.217089320404208,
12057002701,243700,4154,51814,48.0,1224,0.1864864864864865,0.0201647259301334,0.6865767501605652,0.0125,0.0176623376623376,506.74690853562566,1065.2336951021098,5595.311706941838,471.71389452327463,5,4,0,5,0.0,0,2.9952028630486542,0.5415025883365,4.928269751584574,
12057010215,383600,7805,138019,37.9,-666666666,0.2900191938579654,0.0182905982905982,0.9756507136859782,0.4523431294678316,0.0154639175257731,1665.4807665833994,1426.8774579137148,31972.961714316138,18567.54369359567,2,1,0,0,0.0,0,19.872521927001177,0.5209950543469813,32.366370762348204,
12057010216,407900,7067,129255,36.6,2623,0.3174370261677672,0.0096821721742791,0.8245526838966203,0.5070628348757915,0.0108216432865731,1241.5866437050022,1260.8886761840772,29695.966124365434,14984.911864756385,2,1,0,0,0.0,0,7.233469635179837,0.5474897306928331,29.975526225447307,
12057011525,556500,3967,108209,43.7,2777,0.4035346097201767,0.009951845906902,0.6158415841584158,0.0117428924598269,0.0372623574144486,1570.766878746451,1916.5515793751633,22544.463242984453,995.6130063858394,3,1,0,1,0.0,0,5.254758687281895,0.29007574943600734,21.855572502832196,
12057000302,196800,3028,41766,34.5,1379,0.2981015905592611,0.0142302716688227,0.4429641965029142,0.0133222314737718,0.0633451957295373,503.336169570055,244.07534877070128,11300.565094286078,1949.4377117529125,5,6,0,1,0.0,0,1.4971971261129113,0.7743790806561207,11.403963984139828,
12057012110,192300,5162,53646,36.6,1226,0.0826311497689589,0.0398396982555398,0.6519558676028084,0.1740631163708086,0.0,1001.8895451607177,693.2924022811386,16274.80740694166,7177.688732632779,2,2,0,0,0.0,0,3.3604589889170215,0.7832748217680253,17.019504258968297,
12057000601,193500,5106,51796,33.2,1364,0.1274321731981365,0.0415282392026578,0.3122977346278317,0.0117260787992495,0.0155460551884959,757.8899814525957,1029.9644525427468,10383.658461854433,3700.5374520058567,6,4,0,0,0.0,0,1.744328435901348,0.7041743384380144,10.115317385383397,
12057000901,159500,2572,41139,34.3,1384,0.0915619389587073,0.094758064516129,0.3864503816793893,0.0710431654676259,0.0238611713665943,183.57507727755177,1011.7881368822466,10868.024818235965,2596.4379473885438,4,6,0,0,0.0,0,1.1284351614112544,0.7595014044470472,11.146292460214022,
12057011712,315200,5246,64897,39.1,1385,0.3079673135852911,0.0401269553389254,0.5496828752642706,0.0151291512915129,0.0192582025677603,943.0764463937352,1593.6679270216205,14785.286234825011,2133.5552549247277,4,2,0,0,0.0,0,4.0912450940039236,0.5592081388521063,13.999610178979921,
12057011714,248100,2349,99688,42.9,1209,0.2677752293577982,0.0313624678663239,0.7110228401191658,0.0,0.0,2116.8304293598794,1893.7282833551926,16779.853045195723,2437.3122445526315,0,1,0,0,0.0,0,4.196224132026563,0.31063507183876554,15.997487302248292,
12057000702,142900,2604,26344,33.7,1006,0.0944156591824985,0.0709325396825396,0.4825918762088975,0.023728813559322,0.0610972568578553,886.6091766601667,524.0402269069931,8894.432146361667,4499.611314525345,11,13,0,0,0.0,0,1.2986483249412115,0.49076123744908534,8.927099575014811,
12057000701,164300,3669,34779,27.6,1307,0.0684073107049608,0.0750107158165452,0.2134423251589464,0.0084033613445378,0.0600545950864422,117.68585321810089,235.84736708597256,9811.109826065755,4029.0260404097253,10,14,0,0,0.0,0,1.5081365837388487,0.666441132216622,9.808156887078962,
12057014400,378600,5354,95208,36.9,1685,0.2511122095897182,0.0255424954792043,0.5358114233907525,0.3385484571925249,0.0066093853271645,2774.6988391356044,1694.5119726758953,22927.61361322243,4102.654972323859,0,1,0,0,0.0,0,6.955870282757855,0.39747974569498057,22.174702557887475,
12057014017,300100,2947,71750,74.4,1850,0.2274947662247034,0.0085587127695994,0.9480600750938674,0.2328918322295805,0.0,18316.038741987428,18012.258525749294,34367.97099130211,26961.35474420911,0,0,0,0,0.0,0,9.983845404795703,0.4257776574270804,34.70193830441035,
12057010218,319200,5717,83750,39.7,1836,0.3284548944337812,0.026615969581749,0.7058270676691729,0.0555041628122109,0.008347978910369,1411.1853647070689,1520.1273759280496,27987.558472810248,13507.01204587228,5,2,0,0,0.0,0,5.17340839123463,0.4912822989925615,28.283794358656138,
12057011713,486000,5429,80166,32.0,1650,0.4011530146528945,0.0850097339390006,0.225881441301821,0.1179487179487179,0.0576763485477178,1796.6673177878602,1627.3461872314592,18742.226266621856,3691.7696630791825,1,3,0,0,0.0,0,2.109492865223903,0.5029381412831901,17.96922068453798,
12057011617,264800,3938,63312,36.8,1415,0.2977701543739279,0.0200381679389312,0.7600755667506297,0.0606400898371701,0.0188189487345879,845.4946402773031,814.805908453492,18780.3237166024,3528.7660094991224,2,5,0,0,0.0,0,3.3690978621494048,0.2986937870742573,18.01999378299295,
12057011616,234000,10852,84688,41.5,1864,0.2069101418812401,0.0333371784519552,0.7985417229273561,0.0942794009329732,0.0053351890512642,1179.327622959808,1651.923127419747,19918.40018524284,4053.2079548909246,3,5,0,0,0.0,0,8.793476903865441,0.528595213021122,19.195247974183996,
12057010217,375500,4385,120885,33.3,1598,0.3756495916852264,0.0172219085262563,0.4390581717451524,0.0771767810026385,0.0399800099950025,1021.1794793840832,207.28850568330714,29108.625628387777,15197.190999573504,6,5,0,0,0.0,0,2.597321512187011,0.6743755180874588,29.455631368285502,
12057011907,287000,3524,60533,34.6,1546,0.2973515248796147,0.0346567967698519,0.3166770768269831,0.0496785505552308,0.0634365634365634,470.9058594814067,1058.216314090621,11083.659372618942,2550.4512295574577,5,3,0,0,0.0,0,1.7677881568489306,0.6123137153055946,10.704239427258686,
12057011909,317000,3560,55871,36.9,1471,0.1812179016874541,0.077529152221872,0.9167264895908112,0.0706293706293706,0.0,425.12246720980363,631.1689843632224,10131.100136169587,1000.5938649714867,4,2,0,1,0.0,0,2.8712538061460178,0.30817059477401937,9.670182239214837,
12057011910,266800,3562,50957,35.9,1130,0.1411671924290221,0.0321608040201005,0.4139749505603164,0.0,0.005973715651135,932.8037467083151,176.89615858562473,9370.990961004176,1275.4375162838933,7,4,0,1,0.0,0,2.087549461942016,0.5661594660068692,8.92635957497649,
12057011806,114800,2657,39604,35.5,1041,0.1470137825421133,0.0424762765476728,0.1185921958684009,0.0816629547141796,0.0142027114267269,1227.0103640683296,2493.8892522409183,12163.797526894716,2242.5572403168344,1,0,0,0,0.0,0,1.276512058499361,0.41281684697613547,11.647001868830932,
12057006504,172300,737,49118,68.6,1256,0.275,0.0,0.5615079365079365,0.0461309523809523,0.0,2049.3583011578803,401.60069447244985,11725.573302355062,1774.1544462481636,0,3,0,1,0.0,0,0.817806355491524,0.28209162157091233,11.14084247676022,
12057011805,326000,4276,65123,39.2,1407,0.2393162393162393,0.1210822394856683,0.4213381555153707,0.1513897102306327,0.0047230571060541,1780.5426204024045,1908.497138967251,12811.12092939603,2905.6908535769753,1,1,0,0,0.0,0,1.9993406886681366,0.3626308875060662,12.303347296482759,
12057011911,253700,5807,46552,37.1,1274,0.1686507936507936,0.0453586497890295,0.3111474071049407,0.0236336779911373,0.0137760508654185,828.6753866221152,593.4959943337931,8345.074248459247,1487.9156014888488,7,3,0,2,0.0,0,2.696447151966946,0.6701465085667762,7.808693498948049,
12057002702,336600,2772,52230,48.8,1117,0.1884984025559105,0.0,0.7827868852459017,0.0665083135391924,0.0,874.5596505086086,239.79455962037838,5062.859206832066,1397.8075064584284,7,10,0,2,0.0,0,1.6223706691478867,0.4440902128313976,4.3331378930932445,
12057011019,421800,10372,111932,37.7,1754,0.3813488759367194,0.0264537654909437,0.6288659793814433,0.387815750371471,0.0224772835963653,1107.4880265073573,978.677601570575,27671.103045934222,12328.753717311263,2,1,0,0,0.0,0,14.217261984826301,0.6170077289168734,27.862848019820397,
12057000301,172600,5312,40953,35.4,1113,0.1045568912496505,0.0449109104222601,0.3325567850902737,0.0765086206896551,0.0653120464441219,1007.9029598917388,1122.6180024835014,11136.05895156063,3111.675381601474,16,5,0,0,0.0,0,2.3420528049154927,0.7765684577836325,11.141486299480883,
12057011527,467500,3905,157776,38.6,3172,0.3484732824427481,0.0272373540856031,0.9670811997073884,0.0528483184625943,0.0,5059.188416630503,2385.9556266703808,29603.52856370363,7075.4263101108045,0,0,0,0,0.0,0,11.210648060004004,0.40106656025997883,28.97605084427126,
12057011528,480600,5940,146932,44.1,2410,0.3732936212459667,0.0219899847594165,0.8968410661401777,0.1059342815105443,0.0805145307289185,1489.115208531262,2656.6617534881284,26292.21551283294,3322.4677545483255,4,0,0,0,0.0,0,13.134692148940076,0.4632431321694037,25.63418954286072,
12057011018,210900,5286,53589,31.2,1395,0.2667642752562225,0.0323330515638208,0.1859767529058867,0.0496982605608803,0.0,2222.325307306893,2519.351088977657,18084.979327131856,3078.7365514670623,0,0,0,0,0.0,0,3.56667791176873,0.5953349607675527,18.272311137318802,
12057010824,142800,4751,20838,21.3,945,0.1446078431372549,0.0343664347459413,0.0294275013376136,0.3172992056487202,0.0,989.1121677333059,813.4055250321989,15654.52467924,459.8776660192348,3,17,0,6,0.0,0,0.8146326906156515,0.4627678348218685,15.782186353896565,
12057010819,159100,1973,28819,29.4,991,0.2210884353741496,0.0063327576280944,0.3178114086146682,0.0,0.0260869565217391,1923.999966309689,1315.2497562422793,16481.240517334278,1305.651354389673,1,12,0,3,0.0,0,0.4601500191758194,0.6352804451805226,16.632430158980288,
12057013705,294300,7385,75431,33.2,1420,0.1929590017825312,0.0588455772113943,0.6899075500770416,0.0794442465265408,0.0267188009123493,1235.6050144577898,273.2926555322527,15364.047973674576,6652.402454273146,5,10,0,0,0.0,0,8.323105785015306,0.6773220359997358,16.05945787520548,
12057004902,434300,3042,125880,28.8,2165,0.5674398625429553,0.0208333333333333,0.4115273775216138,0.220125786163522,0.0,1027.1118663345712,619.2228748195981,3507.693390144381,1121.6250922560089,6,12,0,1,0.0,0,1.002752731585527,0.7016183839203979,2.7859697602204014,
12057011526,296700,4227,90256,37.9,1698,0.3323029366306028,0.0146437623204731,0.6582278481012658,0.1668367346938775,0.0,715.1814418326068,967.0594489603419,20311.800211401172,1725.8323532065187,3,4,0,1,0.0,0,3.726115214517524,0.7444889225184949,19.654074480641825,
12057013323,211500,11385,70180,34.4,1678,0.2596225478023342,0.0187006810074586,0.4793008279668813,0.054647070999793,0.0112309074573225,504.9666383019504,507.0462256027586,16014.228211819409,3230.0675757926397,1,7,0,0,0.0,0,5.700822959131983,0.5270302547467167,16.808841142156776,
12057004901,294100,1962,62623,28.8,1448,0.2974397590361445,0.0121951219512195,0.382830626450116,0.2249770431588613,0.0,945.1743545970867,568.4897471164085,3440.6109355887634,1828.9218906719316,12,20,0,1,0.0,0,1.3525157081132355,0.7467662509476835,2.6384371918265153,
12057013926,483700,8297,148750,39.2,2411,0.2895944912012241,0.0482903905363798,0.8580323785803238,0.2954458476846536,0.0387549588037839,4514.64823860558,3014.52399659133,33346.114901215544,18212.905839611933,0,0,0,0,0.0,0,135.85622364877554,0.2967171853004113,34.07643016883516,
12057011715,223200,2725,56794,38.1,1228,0.1572230729964267,0.0487910189982728,0.5251959686450168,0.0198895027624309,0.0177353342428376,156.1971851715998,643.7357718160207,13698.86442849424,1951.511780486042,6,4,0,1,0.0,0,1.5914951863784805,0.662798122629102,12.925358767093325,
12057013924,295300,4668,98618,34.9,2083,0.3648691264585304,0.0388322776094739,0.9510763209393346,0.4508348794063079,0.0071077091306724,905.1596368509341,446.46985411051054,21417.217701858146,13143.583940438197,2,3,0,0,0.0,0,4.776944596887934,0.6259574345246791,22.03354906091064,
12057012109,206800,2826,38219,32.5,1083,0.0866523143164693,0.0325972660357518,0.165961049957663,0.1348314606741573,0.0218905472636815,1674.6518676519536,1410.9796888188112,15659.661130710047,7645.402316855482,2,3,0,0,0.0,0,6.5756142040745535,0.2969296946473802,16.3973351082382,
12057011007,382200,3509,111932,52.1,1450,0.2289523809523809,0.0064683053040103,0.8237671786580436,0.0067771084337349,0.0,1473.1927725586952,3305.376616141683,20723.844781520293,4463.625530656194,1,0,0,0,0.0,0,9.361971134671904,0.6742519489674352,20.674203016250797,
12057013314,328500,3376,85357,38.2,1716,0.1813703537841469,0.0762648809523809,0.8902912621359224,0.010551948051948,0.0034692107545533,1058.916971043768,1673.1833358074134,19971.899857169723,4202.867500952109,3,1,0,0,0.0,0,4.111465586390163,0.6395435113957132,20.75739287719775,
12057003200,206400,2112,24362,46.7,992,0.1464307504575961,0.0,0.3015075376884422,0.0137103684661525,0.0125470514429109,559.8358997381974,399.2253481267622,2494.319043634501,3358.7409251825406,21,13,0,0,0.0,0,1.0560790503902318,0.7774048053555692,2.648879993949237,
12057002000,215700,3283,47524,40.1,1235,0.1428571428571428,0.0344827586206896,0.6732161323681489,0.0207100591715976,0.0357142857142857,322.4836780319658,1071.2161804478553,5041.543182053196,3954.889284575869,19,5,0,0,0.0,0,1.682166453121279,0.6987569557765696,5.226345286344041,
12057011407,394100,2100,84875,53.2,1493,0.4112359550561797,0.0187207488299532,0.7318007662835249,0.0,0.0080563947633434,1219.0471078787427,1074.1306034340519,17303.927352547023,5923.77972841351,1,5,0,0,0.0,0,3.2107746411879345,0.683334105836252,16.926237111744236,
12057011409,440300,2917,117631,40.8,1445,0.3674275680421422,0.0188755020080321,0.7207843137254902,0.0,0.0072411296162201,1227.9506543215498,970.2054854421422,14737.997182028994,5238.890903178172,3,8,0,0,0.0,0,4.4669385547226295,0.5370444162050628,14.320890470238815,
12057013100,214600,2864,60962,43.4,1292,0.1143009037745879,0.099828620394173,0.7537473233404711,0.0885045778229908,0.0092592592592592,9860.087748689788,10551.546927815534,37613.92940592167,19002.075074707405,0,0,0,0,0.0,0,93.51852314112648,0.574623147869728,38.41785689505691,
12057013205,285300,9218,101691,42.5,1703,0.1611489776046738,0.0220017804909067,0.76448,0.0432515337423312,0.0168641750227894,943.8940496781927,3443.9181448909526,24437.767194449534,6017.351027164115,4,0,0,0,0.0,0,7.014897456374587,0.5535246264729882,25.24071274805489,
12057013207,309200,4491,95956,43.1,1351,0.2133708216182443,0.0363924050632911,0.8068107400130976,0.2329367564182843,0.0759280089988751,1495.811774591159,2578.4345482576828,29040.44414165582,10521.730805850539,1,0,0,0,0.0,0,33.65227442000558,0.5105099941985901,29.843531433670407,
12057013208,408500,4958,122794,51.0,2340,0.388014360673847,0.0365036006953066,0.8556756756756757,0.0131164742917103,0.0110680686220254,2627.745085695245,1447.6500842512012,27400.285325405144,9889.966659688202,0,2,0,0,0.0,0,10.505141607425003,0.4965716256805204,28.19004276723187,
12057013305,378300,4924,119408,43.4,1717,0.341052029731275,0.0435797665369649,0.9272727272727272,0.1244517543859649,0.0362663495838287,1532.8785447660512,2191.910051077499,21809.657793639977,4415.236426649486,5,0,0,0,0.0,0,7.496433851289982,0.6097424273546758,22.60552873947948,
12057013415,322100,3929,123295,37.6,2369,0.3781735505873437,0.0377926421404682,0.7222672064777328,0.0,0.016,2192.5831834786677,1996.320469665246,23622.45373242321,8673.236291074303,0,1,0,0,0.0,0,3.8406303699095594,0.41701846349380856,24.379386662036506,
12057013307,253400,4217,62237,34.5,1567,0.2529920212765957,0.0450687737781679,0.2933491686460807,0.0514285714285714,0.0,1670.1629116165318,354.38883946453245,16395.123972686983,1915.1715383988724,2,8,0,1,0.0,0,4.256820350370884,0.6908793213601843,17.198924591964275,
12057002400,271300,4337,59083,36.2,1318,0.2896573604060913,0.0090883271797784,0.5229621125143513,0.0216216216216216,0.0031517334533993,249.75351896002994,833.2287393360764,5802.171612463232,548.1653773104932,9,6,0,4,0.0,0,3.1404599262618302,0.7558250808693843,5.367928842531822,
12057010204,190000,5115,48011,36.8,1149,0.1883733929569592,0.0450516986706056,0.6950604838709677,0.0549242424242424,0.0294444444444444,795.4501650435856,856.4058560239234,15070.994533299941,6311.9897950224995,5,3,0,0,0.0,0,5.996100588485043,0.48221697226289995,15.547624867177186,
12057010600,280900,3278,77226,34.4,1434,0.2660361842105263,0.0565964090554254,0.643270024772915,0.0373376623376623,0.0320366132723112,338.5782411053869,332.7216827787063,11713.041333966086,4705.215205817978,7,9,0,0,0.0,0,3.3466945733094944,0.4220010318869457,12.156959292097314,
12057006000,975300,5626,172434,37.4,1893,0.4035567715458276,0.030114722753346,0.776536312849162,0.2733412793007548,0.0339740724184175,966.281499300199,440.75854249777086,5554.462352183619,1108.897029191348,11,5,0,1,0.0,0,4.133602749616393,0.688661647924472,4.883776355942088,
12057012106,290800,5474,84100,40.8,1646,0.1655808903365906,0.0182690111897693,0.8946524064171123,0.1072492552135054,0.0102659822678488,2224.050304066973,2392.600676570812,22574.124204548243,8834.30170921867,0,0,0,0,0.0,0,18.906453290642574,0.7546297407015827,23.318515489336104,
12057010203,256600,2082,46691,41.0,956,0.1196298744216787,0.0459506031016657,0.4795799299883314,0.2168099331423113,0.0625782227784731,1202.9606953891705,2839.3488686367355,17413.545922947338,8793.038551598625,2,0,0,0,0.0,0,5.667752873130646,0.548201514382945,17.938583969614356,
12057011410,402300,6570,103274,46.2,1724,0.2455291394908479,0.012729314863347,0.7986986579910533,0.2009273570324575,0.0,2148.0796003243972,1177.5973791913957,22424.198602458433,4365.133235932222,0,1,0,0,0.0,0,13.361921666712751,0.6814735668407712,21.91461135955734,
12057011411,336600,2276,87195,43.6,1672,0.1981242672919109,0.015495867768595,0.8946608946608947,0.0101010101010101,0.1007927519818799,1393.7709031807995,314.3066423998383,20332.763218654065,4670.763434085774,2,3,0,0,0.0,0,2.1984580450493136,0.4270040435687532,19.848224178673238,
12057013501,198700,4377,61544,30.9,1151,0.1434927697441601,0.0258004351880634,0.5428388746803069,0.0710023866348448,0.0,2094.6038198834995,1747.517402086824,5617.114354426864,6203.024699017167,0,2,0,0,0.0,0,11.138010255397397,0.6101519600714276,6.39337680559095,
12057013311,223600,3248,53558,32.2,1206,0.260019550342131,0.0529927563858177,0.4419642857142857,0.0090782122905027,0.0166666666666666,1619.2709124437058,269.95099960363143,18822.326812287694,630.031219822534,4,6,0,3,0.0,0,4.684682814482156,0.5601032987910056,19.62690139204539,
12057013312,292700,5392,81731,43.3,1603,0.2053687776909043,0.0262096774193548,0.7413967611336032,0.1293018682399213,0.0133702166897187,1964.0021596861852,2073.898317026775,21068.02427445547,2474.656293612075,1,0,0,0,0.0,0,3.7235168246784833,0.6601038985415708,21.87284769640084,
12057013313,294700,4746,97202,45.8,2258,0.2189097103918228,0.0215701028342111,0.9345475241889584,0.0346297282898241,0.0045135406218655,1246.0989567072995,847.1312768378159,19143.78693363968,2442.9330496366765,3,3,0,0,0.0,0,6.10301198839502,0.5671612998330503,19.9406413152079,
12057013406,220400,1373,56371,30.4,1188,0.1296928327645051,0.0218522372528616,0.5,0.1085106382978723,0.0313199105145413,1244.2466653426873,1131.011899159075,18699.238642133125,5962.027725626369,3,3,0,0,0.0,0,1.488383278130313,0.46144847156106783,19.457993685760865,
12057013407,356200,7176,111696,41.6,2014,0.3192722910835666,0.0224215246636771,0.8852592895059208,0.057556773688332,0.0048780487804878,2281.8652355475456,757.7313726020329,20937.05998558582,6864.218863738103,0,2,0,0,0.0,0,9.800213546212383,0.5355265947379922,21.69538076216925,
12057013503,151600,3973,51429,36.6,1183,0.0368171021377672,0.0671690694626474,0.5919931856899489,0.058282208588957,0.0271102895871842,707.3835762032153,471.9619854808974,8548.88573362668,4469.714463040051,4,3,0,0,0.0,0,3.3548311468197802,0.4722549224017989,9.35386506727547,
12057013504,179900,2921,54775,40.1,1164,0.1044561571633924,0.0293617021276595,0.7353448275862069,0.0,0.0332005312084993,1056.8723077048273,1395.3544323454403,8505.282744363441,4583.60201735334,5,2,0,0,0.0,0,3.1684499835895936,0.7459023349140328,9.293896249937008,
12057013903,211300,3660,85219,44.1,926,0.1668620554904259,0.0100466451381413,0.8718637992831542,0.1099764336213668,0.0340333091962346,16594.232590355907,15048.236642390491,45529.554923656804,29900.033229074783,0,0,0,0,0.0,0,297.4834615942041,0.5909377019843299,46.25551040534804,
12057010402,226300,6272,44190,31.3,1264,0.2014038876889848,0.0391566265060241,0.4401244167962675,0.0744793505118249,0.0,521.6244559763265,1600.6337537393294,11608.23860253807,7061.11150601853,2,2,0,0,0.0,0,14.188507902242458,0.41917705531185034,12.175868952392563,
12057011415,268800,5935,97862,45.4,1673,0.1906046302539896,0.0195247743599189,0.6701986754966888,0.0171232876712328,0.0396341463414634,1198.3094722875012,677.8087417329095,16311.135963729828,5009.97030133208,2,5,0,0,0.0,0,4.8491682873858,0.7324240962896327,15.76046027773897,
12057003300,265000,2108,33177,32.6,818,0.1598240469208211,0.0508373205741626,0.3575357535753575,0.1000926784059314,0.0490196078431372,667.879952984898,530.0749273283992,2776.075257288099,4177.425109799706,15,11,0,0,0.0,0,1.0175470224223686,0.7704220794658144,3.155865956744637,
12057006200,697100,4409,142132,38.0,1775,0.3975221238938053,0.0188257817485641,0.7096165933375236,0.1819757365684575,0.0,277.41483268891756,596.6127418703171,6986.408452851944,2940.6288274277376,7,4,0,0,0.0,0,2.1267024727307065,0.674638201154709,6.411808888142183,
12057011203,301400,3386,69632,42.4,1304,0.2925619834710743,0.0107681263460157,0.5905511811023622,0.0521235521235521,0.0055045871559633,1499.6561521313745,1869.9588722165204,16451.74732562802,2693.845548882313,1,2,0,0,0.0,0,4.217355429908794,0.6373544571489901,16.21379149506391,
12057005102,502400,4185,157656,38.5,2334,0.3934607924632862,0.0117096018735363,0.4503661513425549,0.1472949389179755,0.0181674565560821,1345.3488244335283,101.43499870942213,1853.0264506298006,1019.463366297651,3,34,1,1,0.0,0,1.5679453972492174,0.5218929592309565,2.0937973292741994,
12057012304,233100,4857,64807,36.5,1209,0.1919617762788083,0.0181231380337636,0.5788581119276427,0.0504833512352309,0.0857265323617659,1042.5098594846331,1026.4088332589029,20444.58117025174,1988.0538131024505,2,5,0,1,0.0,0,4.052761316024108,0.5494757920402085,21.248424636059067,
12057010108,255000,2238,64896,42.7,1514,0.130071599045346,0.0213789417423837,0.9019108280254776,0.0784132841328413,0.0103842159916926,18223.63833392476,14231.304674242469,44411.58126127508,30453.479508253607,0,0,0,0,0.0,0,142.21972058663349,0.592990253005686,45.08615494582516,
12057013204,73100,3993,56338,56.4,1455,0.1948529411764706,0.0438018894932722,0.7371048252911814,0.1278606965174129,0.0,1518.6700552695104,1841.6475301985745,24701.689253215067,6020.927686755306,1,1,0,0,0.0,0,2.6172253913464174,0.4378627021792823,25.506748148776396,
12057011610,187000,6172,49103,42.6,1072,0.1506493506493506,0.0523500191058463,0.5904027420736933,0.0374432677760968,0.0,820.525515837402,378.94519854400954,17370.19582914313,3857.862036244071,2,4,0,0,0.0,0,3.221782813508204,0.7823494171209191,16.689763802233788,
12057011504,734600,3000,121750,45.5,1246,0.3039073806078147,0.0156041016495764,0.8499515972894482,0.1764705882352941,0.1106906338694418,4393.015312285902,4147.733419072777,30778.698826824373,10905.977011201474,0,0,0,0,0.0,0,39.52464316477683,0.451837196283602,30.259872567803683,
12057011514,337100,6855,114271,47.2,1818,0.3062406576980568,0.0365408038976857,0.8898026315789473,0.0078060805258833,0.016770670826833,935.5242922659953,897.5903244957424,21150.3996952139,4127.854588335124,2,3,0,0,0.0,0,5.4847216701089625,0.4249168434088168,20.757203719418655,
12057011515,328800,4277,108194,38.3,1683,0.3543254888962545,0.0145659928656361,0.914495657982632,0.0531147540983606,0.0216684723726977,198.11974559385706,685.636926282049,19781.440082756297,5238.59138585386,4,2,0,0,0.0,0,2.9344614408344922,0.41556052495349094,19.376879084890945,
12057011516,322300,3377,92644,42.1,1717,0.3256212510711225,0.0068124775905342,0.6112412177985949,0.038863976083707,0.0,1537.5654858830148,705.8831944212606,18951.526649324445,5053.594062861953,4,1,0,0,0.0,0,2.6769762769973244,0.6791744649384447,18.599653406404155,
12057013912,376400,7544,106250,36.2,1846,0.2253138075313807,0.0510204081632653,0.8535885167464115,0.5427631578947368,0.0403601366035392,5788.834824407084,4238.855799402652,28028.98077577985,16910.581022350703,0,0,0,0,0.0,0,32.40084082248437,0.6549767306066083,28.676821127992874,
12057014002,98600,2562,50172,60.5,769,0.1107333657115104,0.0331818181818181,0.7946287519747235,0.1570709893795416,0.0,22971.290451194538,21364.76634819667,35915.984532463364,24815.71500574173,0,0,0,0,0.0,0,34.11913486985166,0.5597543087270583,35.95707898369432,
12057014003,295700,1919,78906,41.8,-666666666,0.2397058823529411,0.0223152022315202,0.9872611464968152,0.0427350427350427,0.1105072463768116,23243.560062829652,23571.058141766378,37008.04291387958,27595.989278698256,0,0,0,0,0.0,0,23.548194626702536,0.33756300243988463,37.20769948797963,
12057014106,198900,3762,76545,44.1,1615,0.1118188251946213,0.031081081081081,0.6939454424484365,0.1002415458937198,0.0387596899224806,9278.842851608008,9915.868112977823,22495.631015825806,15677.079331476081,0,0,0,0,0.0,0,7.552835101695778,0.4586439337700397,22.79946386984687,
12057014108,216500,6257,52000,33.6,1052,0.1295850066934404,0.0246235246235246,0.6465028355387523,0.0483803113167858,0.0105551211884284,17502.268608094215,16114.679127517633,29762.628175182334,19823.3748540276,0,0,0,0,0.0,0,8.856681156621377,0.5063925509866118,29.895862855261857,
12057013203,370200,3356,87974,40.9,1650,0.1905176163549369,0.035268185157972,0.8904469763365469,0.0812182741116751,0.0287610619469026,246.76285713633834,2450.8889631104335,22997.729295175355,4337.01038042175,1,0,0,0,0.0,0,3.3323071153227697,0.7833093542119283,23.80272427820748,
12057011412,273400,3184,64833,36.0,1434,0.2897585345545378,0.0220281048233953,0.4708276797829037,0.0642085187539732,0.0101845957988542,1647.1190720627758,1235.1498976622706,19466.317939297962,1377.0083168887463,1,2,0,1,0.0,0,8.562484420282347,0.4524083286088281,18.851565384020613,
12057011413,344500,5714,90096,50.9,1869,0.3352750809061489,0.0267625324545636,0.7683297180043384,0.1803921568627451,0.0077981651376146,1407.8128081168425,182.15415564334032,19151.4741189504,3566.205222339149,1,4,0,0,0.0,0,5.2617451411414535,0.679315688932372,18.62403951471996,
12057011414,290800,8386,62135,36.6,1484,0.2215889464594128,0.0265577119509703,0.5959293624663274,0.2530224525043177,0.0057351407716371,491.7861514119962,550.0307492443628,17724.8166800682,3225.5026871428345,1,4,0,0,0.0,0,6.676348833733988,0.5907216676246034,17.131504554480284,
12057011416,225900,7075,72409,35.1,1491,0.1972052745522535,0.0465788048384184,0.6463320463320463,0.0188337558855487,0.0108556832694763,961.6028470473216,274.6731063903307,14450.994077159687,4541.712470990438,2,2,0,0,0.0,0,4.71657362853757,0.4464946285565392,13.943124122076037,
12057013505,151100,3288,51192,39.3,1196,0.082293111419325,0.0272693313410534,0.7222699914015477,0.0096774193548387,0.0020949720670391,1125.8387459970631,1377.2074246182199,10187.386138429762,2744.914851302554,3,2,0,0,0.0,0,5.661705635505961,0.44243060562216574,10.989236973288467,
12057013602,200900,2475,53750,33.8,1154,0.0829756795422031,0.0614657210401891,0.770573566084788,0.243010752688172,0.0148849797023004,424.74853615775925,1346.737624619913,8675.211639820625,5958.385106113048,2,5,0,0,0.0,0,10.252938511146859,0.7438629345685551,9.391619218772432,
12057000800,194300,4090,60517,32.4,1435,0.1369426751592356,0.0310981535471331,0.6352765321375187,0.0415800415800415,0.0075757575757575,1048.9773318827401,367.3086824062664,9820.269268769161,3097.752769108525,6,9,0,0,0.0,0,3.8966021897698364,0.33209636545551524,10.003304916890713,
12057011506,388600,9288,118682,35.6,1834,0.3710196204567385,0.01923339244305,0.5532400799314873,0.27019050174403,0.0311418685121107,1210.5684717220097,1087.4680825648522,23197.367109601124,2293.6483641407194,2,3,0,0,0.0,0,16.20831535040593,0.5344471548255587,22.550699172704928,
12057011509,501800,7010,157750,47.3,2268,0.3725015142337977,0.0203530259365994,0.9379503602882304,0.050710718401844,0.0218340611353711,2419.580100821847,449.2792079219231,28506.214591476462,6125.804619632335,0,2,0,0,0.0,0,29.358394778374013,0.5442055966218958,28.114870974311685,
12057011510,423300,5810,166392,36.1,2347,0.3655562165377751,0.0258704061895551,0.9291932675565874,0.3316355404640634,0.0501149425287356,2689.0436571358337,418.5362727826326,27579.325886861367,4194.421780012387,0,2,0,0,0.0,0,8.630128736510397,0.6488471620192358,27.36149853105355,
12057011512,539300,4241,143659,43.3,1616,0.3309759547383309,0.0200179265013444,0.9230769230769232,0.2171052631578947,0.0260384376937383,699.8411760456913,3110.111713764385,24175.621167124365,5183.608742551347,3,0,0,0,0.0,0,12.44083752437166,0.6635233691885626,23.73418477061918,
12057011612,291500,6626,71632,43.0,1584,0.246190381951316,0.0236334115100126,0.5915327322618581,0.0,0.0,502.79376133595457,1744.442584919484,16183.144519783444,1961.6385174421102,3,2,0,1,0.0,0,4.572250808172976,0.5182342115324862,15.46695160930584,
12057013702,247400,11169,80383,34.7,1723,0.2329397141081417,0.0128812066497853,0.7072178196615978,0.4300202839756592,0.0134120171673819,469.417758551661,330.4735705826762,13476.975634088616,6919.43555210616,4,7,0,0,0.0,0,12.989052727386474,0.5229010997544229,14.136866459659348,
12057011605,248600,6883,53750,38.7,1442,0.1655419654154365,0.0337638376383763,0.6782891678289168,0.0,0.046276965901183,2149.6429325790205,1799.5630746474378,12493.460444201253,3699.024866168973,0,3,0,0,0.0,0,10.807924421778399,0.602827817497437,11.805356389094973,
12057011603,297700,4506,86210,38.6,1367,0.2216181643748001,0.0292887029288702,0.7040389972144847,0.0,0.0151085930122757,1125.4129128242373,897.3375002114257,14272.582006399158,3231.237063236387,2,3,0,0,0.0,0,4.293765432608967,0.7507573793144913,13.597458308974913,
12057013803,165800,1612,44688,36.2,1023,0.1195856873822975,0.0513866231647634,0.5379746835443038,0.0290697674418604,0.0382165605095541,543.0843712667421,1122.8511790472992,16205.327741691586,11123.541025973505,1,1,0,0,0.0,0,3.5618178208756013,0.28194676945712965,16.747481197812185,
12057013804,257200,10339,91488,33.2,1507,0.1800031943778949,0.0449886862771196,0.7749156700398651,0.3487598306110103,0.0456047587574355,3141.3708911517574,3785.6041161560966,19061.218547190103,14370.143564504131,0,0,0,0,0.0,0,17.121767104787125,0.5128207938616111,19.53938111541119,
12057013907,226300,3388,82500,34.0,1065,0.054920913884007,0.0184368737474949,0.82171581769437,0.1084905660377358,0.0050977060322854,17663.944938712404,16796.570724702087,40397.371023324544,30055.409403748243,0,0,0,0,0.0,0,238.9927029245836,0.7352599141291565,40.967425011291674,
12057001100,258600,2685,61176,30.0,1198,0.2686298076923077,0.0177078209542547,0.6607883817427386,0.0835791543756145,0.0158478605388272,796.4065541453477,409.22899921671086,8204.66153779688,4974.083024578085,9,12,0,0,0.0,0,2.100225847236772,0.41113012820540057,8.267255776963504,
12057001200,226800,3223,48488,37.6,1193,0.174496644295302,0.0280483054148811,0.6,0.0593809222994314,0.0062597809076682,596.2313045156873,384.11380278978197,8308.690811220675,4187.5594563376835,9,15,0,0,0.0,0,1.8020796699097628,0.7879691917915066,8.186873041604708,
12057014109,221500,8481,74024,32.5,1721,0.1368029739776951,0.0541216956045675,0.8405797101449275,0.4688872620790629,0.0104024089789214,19729.557249450972,18549.411295942897,32014.633627064664,22265.88813041279,0,0,0,0,0.0,0,17.05070610139996,0.36304623884520915,32.17203205376316,
12057000500,248400,4157,77656,41.5,2038,0.2587096774193548,0.0364303868963569,0.8842975206611571,0.0048810250152532,0.0375234521575985,258.8602447712751,665.4179489590636,11984.621975712284,4975.59139944606,13,4,0,0,0.0,0,3.8204209320657583,0.6171599916486413,11.75478463745098,
12057000402,192300,3340,49634,38.0,1265,0.0610217596972563,0.0254662840746054,0.5210622710622711,0.0,0.0157170923379174,385.3627221914691,1179.6669224539655,11167.132889345874,4582.74679595138,10,4,0,0,0.0,0,2.527225308556866,0.7683081941777915,11.04452368488274,
12057001300,225500,5545,44792,43.7,-666666666,0.1368301026225769,0.0431445758141464,0.6445809565598947,0.0513684210526315,0.0256909303230829,653.1629925111314,806.8123603932157,9006.594036036291,3656.733065611797,4,10,0,0,0.0,0,5.0316600130076266,0.5161710418119361,8.752426642068537,
12057001400,250700,4542,49781,36.5,1021,0.1799872122762148,0.0402173913043478,0.6797461050201962,0.0428646105593308,0.0432314410480349,667.263769977499,581.0917474137518,7406.110219502954,1889.378957015427,8,6,0,1,0.0,0,3.1390071045065606,0.4547719954667723,7.054978798049481,
12057001500,385600,2745,88625,32.2,1622,0.3279434057604851,0.0349056603773584,0.691063829787234,0.0744071954210956,0.011168384879725,1066.8477590226134,433.8006405880428,6824.269990413438,2440.650775876095,12,10,0,0,0.0,0,1.9975349994714895,0.6483313189769998,6.597917658666384,
12057001700,278900,5061,85391,34.3,1236,0.1902274124154886,0.0524765729585006,0.7673402512288368,0.0804890473764645,0.0093715545755237,819.7770984234342,872.7797583212018,6771.073309572861,4320.19578557653,9,8,0,0,0.0,0,3.3786730696229488,0.7883438212845859,6.83565436000504,
12057001900,175900,3086,44643,34.0,1448,0.0677083333333333,0.0532941670163659,0.5910064239828694,0.0551330798479087,0.0,450.81550195462245,817.7869462824997,5436.242097344581,5079.819796727695,19,3,0,0,0.0,0,2.5296524114748626,0.7661840102802426,5.769287938104059,
12057002100,276800,2509,43266,41.8,1191,0.2894239848914069,0.0057369814651368,0.806234203875316,0.0675675675675675,0.0069264069264069,598.885607273686,755.6236846992687,4898.716635868543,3067.856436517031,21,5,0,0,0.0,0,1.6736671355993002,0.6939441963636798,4.942836256972228,
12057002200,337300,1598,67760,40.2,1102,0.2183150183150183,0.0453593859036985,0.588380716934487,0.112756264236902,0.0061804697156983,248.85458456411578,1113.9190282888542,4924.661787254724,2200.2609565115054,11,10,0,0,0.0,0,1.6901709909276448,0.6986465434999736,4.818690857617306,
12057002300,294400,2949,85188,38.3,1217,0.2295373665480427,0.0140241527074405,0.6700655498907502,0.0536552649228705,0.0066489361702127,59.61651527787217,341.623181432344,4998.343453148078,1167.979181637844,13,8,0,2,0.0,0,2.0038326141988665,0.5948702174232974,4.718476375137019,
12057002500,248200,6588,47957,39.5,1180,0.1876998307316155,0.0282623866015352,0.3102240896358543,0.0158627387504046,0.0,796.9497865769143,1142.296509219402,6822.856815855385,506.2898861206706,9,1,0,4,0.0,0,3.4451695618914924,0.7864410936479614,6.23005907518469,
12057002800,366200,2975,84363,43.7,1649,0.3493064312736444,0.0066070734551107,0.7290322580645161,0.0847682119205298,0.0014336917562724,1181.1131827784668,152.78991656422176,4006.050205795513,1037.2090691848764,15,12,0,1,0.0,0,2.321056652844003,0.8129569942731691,3.470435897004385,
12057002900,307700,2123,58304,34.6,1271,0.1813317479191439,0.0332261521972132,0.6447831184056272,0.0587002096436058,0.0,652.5835962945534,250.1922561674808,3405.2987930848576,1514.4336374482302,15,14,0,1,0.0,0,1.6889665433557455,0.6956892143168871,3.060287697054376,
12057003600,185200,4669,26038,32.2,1316,0.1022494887525562,0.0651094890510948,0.5874466788543571,0.029936672423719,0.0567144719687092,592.3777348775791,1218.541474588968,5827.469284955657,7529.864183310556,5,1,0,0,0.0,0,5.1857875116026415,0.635853293110023,6.48317977298194,
12057003000,291700,2871,37813,28.1,918,0.1940393151553582,0.0749751737835154,0.2857142857142857,0.0173638516179952,0.0121457489878542,510.83412710905293,24.70617471251257,3076.686977791929,2300.999730031651,20,12,0,0,0.0,0,1.7385662387672947,0.624072741289562,2.953736924829084,
12057003100,220000,2720,24449,37.0,836,0.0949538795442213,0.1322049405306496,0.2931174089068826,0.018392370572207,0.0,416.6245572514131,313.92871068891105,3592.9956498886595,3460.140697840114,15,7,0,0,0.0,0,1.683969300880295,0.7019783195662173,3.779519961510661,
12057003400,168300,3226,27994,29.3,1048,0.1273775216138328,0.0667894979272224,0.3326551373346897,0.0257069408740359,0.0235148514851485,590.3267858680338,1079.8862821096322,4381.858904176232,5285.7277538894,14,4,0,0,0.0,0,1.7209145773257537,0.6534688470641864,4.8505816017922125,
12057003500,214500,2331,24787,36.1,1226,0.0672218917311124,0.0470588235294117,0.4303534303534304,0.0494159928122192,0.0129564193168433,900.5305789398386,154.4159694057152,3614.1896597381815,5420.496788094268,14,5,0,0,0.0,0,2.009262206074849,0.7304737581562629,4.1865436602539905,
12057003700,155200,1236,40792,31.0,1107,0.052896725440806,0.0673366834170854,0.4684684684684684,0.0314285714285714,0.0,1992.6065572650946,1893.2543558146228,6430.2491295437085,7090.764640674073,1,2,0,0,0.0,0,13.5997697267111,0.5728322487072146,7.219052209452419,
12057003800,149500,1040,57344,33.8,1414,0.1017639077340569,0.0520231213872832,0.5522388059701493,0.085667215815486,0.0478589420654911,1444.5773629680193,1126.3771356922723,3091.8247248278617,4744.55189698951,4,4,0,0,0.0,0,2.7923051407907455,0.7080038652256503,3.807671073310541,
12057004500,264000,4034,53359,42.6,1528,0.1583198707592892,0.0604971548367774,0.5699277741300066,0.0756634669678148,0.0537190082644628,140.49574580998257,272.01518331227766,5025.467102241073,2329.73502405446,7,10,0,0,0.0,0,2.399489537283732,0.7542844466322577,4.2394401594618465,
12057004700,342200,2775,75341,39.5,1397,0.2846546128882707,0.0150223304912708,0.5640816326530612,0.1689730517115804,0.0240524781341107,785.144753635363,267.16736171622205,7516.135333335635,3380.7169754131723,7,7,0,0,0.0,0,2.375738570568383,0.3901506448693456,6.718245270694399,
12057004800,375500,3927,83307,38.3,1694,0.264763779527559,0.0290237467018469,0.6805797101449276,0.1445444319460067,0.0,984.465096879165,965.0811055022368,5040.031561544234,1705.3503645612168,7,7,0,1,0.0,0,3.3206549743773075,0.7603507767345269,4.238081266543667,
12057005000,216900,7817,34864,20.2,1617,0.2987641053197206,0.0651483050847457,0.0735726898175397,0.4325,0.0,370.540502953487,564.3472152469592,2172.0008929947053,1898.4578557267166,12,50,0,1,0.0,0,2.4767012774835626,0.6372086147465587,1.3798248718642534,
12057004100,326300,1768,21920,32.2,913,0.173,0.0328006728343145,0.104,0.0466666666666666,0.0289156626506024,476.7641970699368,206.7308543994323,1739.3080017670065,3131.906444279857,21,41,1,0,0.0,0,0.7558175711193716,0.723944444626074,1.5013171559879588,
12057004200,471300,1475,86406,36.1,1872,0.2427366447985004,0.0448,0.5208333333333334,0.3402555910543131,0.0,407.20724605214144,554.8537597828296,2344.9789074857863,2618.072908285886,19,33,0,0,0.0,0,1.4156576055673231,0.5578601867665245,1.7875748326047818,
12057004400,235500,2113,24073,35.7,1001,0.1372679045092838,0.0684301322599195,0.356401384083045,0.0306878306878306,0.0129729729729729,483.08516853946753,180.0121717745264,3721.807635460774,2655.5901048260816,13,14,0,0,0.0,0,1.1984266203583278,0.7612526541753218,2.9641247953153314,
12057005500,627000,2873,119770,39.1,2057,0.3701211305518169,0.0170336518487744,0.4306615776081425,0.1753057658707047,0.027359781121751,95.42275870960803,480.24493057384865,2357.097442192674,1078.5601461519848,7,46,0,1,0.0,0,1.3001476034566546,0.5594873091746794,1.7869168830436455,
12057006300,671200,4601,151208,38.3,1674,0.3797054009819967,0.0145922746781115,0.9135879774577332,0.1258318209316394,0.006423982869379,672.2109608382767,856.6823359407063,8142.994164285348,2349.605958585437,10,1,0,0,0.0,0,2.307859129801524,0.7499934677494741,7.520184795717242,
12057006600,226700,4373,69737,42.2,1359,0.3356623812185578,0.0217942219969589,0.6224846894138233,0.0637515324887617,0.0121418164157357,430.87766406798437,672.8759918586862,9267.881205521016,852.1821622206209,5,3,0,1,0.0,0,2.5568355408811865,0.766608230950504,8.737983074120061,
12057006801,394000,4940,68729,44.4,1424,0.260978670012547,0.0322132097334878,0.6349794238683127,0.2101616628175519,0.0106428267347807,597.4536217913,1284.35887842513,9765.457121038067,2565.9192594052934,5,3,0,0,0.0,0,2.5407383329564937,0.7900615643190534,9.39483719446872,
12057005700,534700,4281,97096,39.6,1285,0.3276461295418641,0.0226958206476612,0.5538045925258892,0.1627254509018036,0.0178759200841219,444.0146727856477,923.5086490919474,5225.553601753305,805.9563861324161,8,4,0,1,0.0,0,2.228847640951965,0.5550641440340374,4.467132428686315,
12057005800,687900,5188,130275,37.1,1464,0.4088351153629713,0.031449757095372,0.6809103576405017,0.1476718403547672,0.0,296.8927724752356,1036.3476227905228,7196.701193655179,2581.382174314698,11,2,0,0,0.0,0,3.8433070218684473,0.6502162211218561,6.4570811454133485,
12057010105,239400,5258,71250,40.7,935,0.1041482789055604,0.0246280143663417,0.8789443488238669,0.048030221262817,0.029379760609358,3852.749029776453,4096.131995715156,28877.887472731916,16152.277150467115,0,0,0,0,0.0,0,36.63570105256866,0.6571412962689822,29.565176126466366,
12057001800,181500,5228,38843,31.9,1235,0.0897435897435897,0.023538961038961,0.3750731421884142,0.029379760609358,0.015228426395939,391.0748889872748,859.2276830113141,6478.138094363594,6724.482676335788,13,2,0,0,0.0,0,3.087551310829077,0.608282375614466,6.94896211331465,
12057011408,385300,2829,75286,38.1,1330,0.3103103103103103,0.0205743677668238,0.5716845878136201,0.0098566308243727,0.0074503311258278,1209.148636652662,353.96642708632555,15955.792962465172,6182.589866467783,2,8,0,0,0.0,0,2.6445688991429526,0.6694561334765015,15.494850770002417,
12057011611,250100,4272,59563,37.6,1431,0.2145840025698683,0.0157657657657657,0.712532299741602,0.0574644549763033,0.0102996254681647,1568.3167765567152,535.7583812420875,14922.672749781375,4811.585808463655,1,2,0,0,0.0,0,7.294581583957274,0.608857563348845,14.301078987796565,
12057010303,36700,3211,50818,39.7,1076,0.076701030927835,0.0225842280636801,0.655884995507637,0.0419254658385093,0.0238970588235294,984.8178146051367,1717.3012729642885,21972.893324497658,13411.901803219182,2,1,0,0,0.0,0,6.758823335314467,0.5392657043334909,22.546193017217533,
12057010106,251100,4289,73750,45.4,1149,0.1410338225909381,0.0127318018267367,0.7951967978652434,0.0739002932551319,0.0492289442467378,8997.348711168046,8934.303313544884,34561.77979067634,19798.911447600334,0,0,0,0,0.0,0,39.71344484025292,0.6921458622013091,35.278356372719884,
12057011613,264400,5798,47182,48.4,1210,0.1548757170172084,0.0373626373626373,0.5474201474201474,0.0359908883826879,0.0161654135338345,1020.826657208413,897.2830752992893,15202.699949510621,245.9483769031569,7,4,0,1,0.0,0,3.9049425943261338,0.808210154762221,14.454304871457712,
12057011804,209100,5792,53229,42.5,1304,0.1334590898373025,0.0482509047044632,0.5358719646799117,0.0240902101486417,0.0066340782122905,403.525475171927,1369.7943622040436,11257.297458845182,1456.8178204417386,4,2,0,1,0.0,0,4.232478378676496,0.7734499191424367,10.696258187399476,
12057010107,49600,4023,44113,56.2,1120,0.1089960085968682,0.0192137156370085,0.8248215266337178,0.0846534653465346,0.01885310290652,13789.672924840263,14212.383401523619,39844.559939842155,24271.944941319944,0,0,0,0,0.0,0,20.217967589313513,0.7365568257470652,40.57165090307621,
12057010304,251700,3646,69583,45.9,891,0.1541620007465472,0.0154162384378211,0.8436781609195402,0.1136690647482014,0.0216919739696312,2986.140286354801,303.8809722592123,23433.066746812416,13927.963543004133,0,1,0,0,0.0,0,52.84739046924454,0.523942680720241,24.08114957755563,
12057010305,320400,4423,59073,34.9,1146,0.1171202204615914,0.0377098816405174,0.6460305899490167,0.1149847094801223,0.0211864406779661,455.4578019578031,2895.656736980629,16481.50883691513,10663.025882302341,2,0,0,0,0.0,0,30.647227333055863,0.7483271807563585,17.113076341172096,
12057010401,173200,5532,47013,33.0,1341,0.2062131762185324,0.0082140342642572,0.4176421404682274,0.0373105324523902,0.0224231464737793,354.89170179303153,545.3724261448775,13177.145376775452,5912.833797245457,6,5,0,0,0.0,0,3.3684239979522124,0.5273867329599282,13.67346308666214,
12057013320,294200,4836,66858,36.9,1499,0.2171746776084408,0.0334717810896652,0.4081414033208355,0.2027382833070037,0.0314769975786924,1048.0043142726531,526.6645721472305,15206.740722104869,3752.540022437095,5,7,0,0,0.0,0,3.018773960873918,0.7453718105610753,15.974982552052378,
12057013919,313100,6722,92675,36.4,2125,0.2496154691276642,0.0324155438390939,0.7635741769987174,0.1475474683544304,0.0110924369747899,788.3376072008034,1018.578499120597,22338.50146701255,11102.986968244031,3,3,0,0,0.0,0,12.227917383654535,0.48323159612680977,23.032147357966,
12057014119,373700,11291,116993,36.0,2289,0.3259045260696107,0.0422518447988574,0.8559133814547474,0.6173482677780672,0.0493682732802994,10797.935076510821,11405.649226729678,24937.69953454356,17860.531030553677,0,0,0,0,0.0,0,23.49365684404452,0.4680170003235129,25.245643868575364,
12057000401,222400,2323,53750,40.6,1134,0.1760604299825682,0.0248880039820806,0.6255186721991701,0.0208522212148685,0.0098920863309352,733.5659366984939,672.0700056209212,12542.761760508592,3772.382579496834,12,1,0,0,0.0,0,2.549493041715824,0.7718997767320742,12.425692437122107,
12057012212,347300,4184,47447,29.4,1258,0.1554726368159203,0.0160731169240466,0.1809815950920245,0.0504297994269341,0.0422675285927399,1672.2394474838945,2176.500198535396,14572.64247343019,2653.4801523039487,1,0,0,0,0.0,0,3.543296895450451,0.8103935097579383,15.376595975828854,
12057013801,126900,2387,49135,33.0,1046,0.0625444207533759,0.0708359923420548,0.4496021220159151,0.0195227765726681,0.0104166666666666,4725.112292332832,5376.256783428144,17609.78679429903,12871.359060088225,0,0,0,0,0.0,0,25.192792831978192,0.1535234740207626,17.973543724163893,
12057006103,610900,3777,113562,51.7,1549,0.3530552861299709,0.0055163959546429,0.6096232410349524,0.0819017179384738,0.0308804204993429,418.5719376077595,585.2208043405225,6046.9342460839625,2552.4927211222434,5,4,0,0,0.0,0,2.0688283340080527,0.3804489491518871,5.5346826506568965,
12057011013,292800,4219,71990,34.5,1482,0.3883495145631068,0.0281184564762189,0.3751458576429405,0.2319228709159078,0.0252043596730245,838.1571350487308,344.15558839868265,25239.250498425117,10108.612775324702,4,4,0,0,0.0,0,4.604017507557467,0.7005484291195336,25.457258595472293,
12057011520,594400,5379,133517,40.2,2122,0.4064551422319475,0.0185272045028142,0.6429924242424242,0.0686230248306997,0.0172865374541644,793.8683283138813,1234.8677680440483,21515.76753236999,2195.027267316912,2,3,0,0,0.0,0,5.485584024752963,0.4117591445338854,20.80980553445459,
12057001001,199900,3834,34212,28.6,1084,0.0528735632183908,0.0332703213610586,0.1776315789473684,0.0482269503546099,0.026606099935107,1040.5561096769454,839.5431328245674,8220.514390823688,4702.869427105733,6,8,0,0,0.0,0,4.011246086590913,0.41913855795250454,8.422835992891853,
12057011708,639800,5035,84919,35.1,1922,0.3247778874629812,0.0150228608752449,0.2392712550607287,0.0892651019622931,0.0350589777195281,2112.5025645350343,883.5936148047338,12589.555384869198,4074.9049284613507,0,3,0,0,0.0,0,7.294200118376475,0.6013673080401853,11.7918325644023,
12057014121,337100,5714,109917,40.5,1987,0.2495662949194547,0.0331959210240833,0.7115479115479115,0.2871017871017871,0.0041020966271649,14188.478957629579,12734.182110422917,26780.45752811606,16409.243810779317,0,0,0,0,0.0,0,26.583232264192965,0.4521199784394526,26.863720740826437,
12057014104,44900,1749,46667,66.0,681,0.0968992248062015,0.0096385542168674,0.8263157894736842,0.0845070422535211,0.002262443438914,20737.58037484007,19031.69413013528,33998.36246756941,22179.60930621924,0,0,0,0,0.0,0,51.07275291376101,0.561633199178812,33.946715002453395,
12057011614,211000,7898,58846,36.0,1622,0.1493456505003849,0.0548870941157079,0.6446153846153846,0.0124954061006982,0.0,955.0980706290771,643.6596813555449,18212.95268306631,3076.9127091366922,2,7,0,0,0.0,0,3.414549944404698,0.6387319018464048,17.476594291662,
12057013412,305200,4175,96550,37.6,1333,0.1185314685314685,0.0290820963344441,0.7753673897830651,0.0457256461232604,0.0231958762886597,351.14305616683583,877.4659842279349,18698.1010619724,8566.965879579335,7,4,0,0,0.0,0,6.582687363944303,0.4192169114089621,19.405252623946932,
12057013410,205300,4392,68030,36.2,1464,0.1844694307800421,0.0478627332931968,0.486827661909989,0.0228194726166328,0.035559827006247,489.2409805221364,1013.1810902657311,16426.18340949155,6210.338764442459,8,9,0,0,0.0,0,3.954597157397246,0.3681341883341491,17.153898547865616,
12057013310,288500,2311,91964,44.4,1783,0.214561500275786,0.0141057934508816,0.7014652014652014,0.0258697591436217,0.0397350993377483,948.5828131013303,791.0133987798968,16382.539814812113,3979.9298089157137,2,5,0,0,0.0,0,1.5975506505711226,0.6553383063325658,17.16657970030561,
12057013411,299500,3303,72857,41.7,1163,0.2080338266384778,0.05750452079566,0.6887218045112782,0.2404881550610194,0.0,737.5512422435667,630.7581005173561,17450.393252070793,6431.203548780952,10,5,0,0,0.0,0,3.642526567011661,0.4280773530102281,18.193387875635388,
12057013802,240100,3487,55679,38.5,1445,0.0799502899751449,0.0225644699140401,0.4706293706293706,0.2374013357619915,0.0184229918938835,1898.4753622402388,640.7838096208678,15932.198194221477,9571.588796501519,1,2,0,0,0.0,0,6.099138662250926,0.30062878163530554,16.534304589985812,
12057013413,384000,3645,116432,44.9,1398,0.232887189292543,0.0330745865676679,0.9310600444773908,0.0875088214537755,0.0302835051546391,1870.950859616606,635.7244036442859,20750.02367269693,8691.199811114522,1,3,0,0,0.0,0,7.2912898619990765,0.4587143743264838,21.475896115962826,
12057013918,343700,1774,88938,39.2,1057,0.0961702127659574,0.0128690386071158,0.7280265339966833,0.0953101361573373,0.0,2447.3507572843932,1688.247345708449,24692.685226382342,13061.248570653375,0,1,0,0,0.0,0,10.857260275620131,0.4788994175370526,25.375829839272885,
12057013807,257200,9812,86142,34.0,2160,0.2004264392324093,0.0138812534359538,0.8013150371640938,0.3823224468636599,0.0506181478889666,2905.060328589682,3354.93332053411,20917.497060698905,14709.576390329865,0,0,0,0,0.0,0,12.385206828149723,0.6202758727847816,21.44654517349573,
12057013414,358900,5920,96413,49.3,2029,0.2669603524229075,0.0352805089647194,0.7822222222222223,0.0324594257178526,0.0034168564920273,937.662958707076,789.58338698337,23036.59706394032,7038.414091637285,3,3,0,0,0.0,0,6.2589499475104065,0.7257059139286678,23.812206312074178,
12057013923,476200,9845,110259,36.9,1948,0.2731556711082223,0.0324270744831492,0.7692776592502286,0.6150736355760901,0.0118806143146913,1543.862128223447,1003.6001478509417,28251.020859131397,13693.156902923974,2,3,0,0,0.0,0,19.301494990532845,0.36482902670047973,28.981907013845436,
12057014118,379400,4186,101281,59.3,1956,0.2274170274170274,0.0,0.910880829015544,0.2723322066634476,0.04,12234.723260936338,11608.163109461808,23923.58850901838,15332.854064373738,0,0,0,0,0.0,0,7.347561380796866,0.3816377471587466,24.125691939253,
12057014117,591500,2869,106750,59.1,1571,0.2971271153089335,0.0231170768083519,0.819683908045977,0.0469543147208121,0.0355191256830601,9893.617417728656,10094.009880563977,21554.221740537636,13701.091862669731,0,0,0,0,0.0,0,8.539663526217376,0.6410448255572778,21.784480171237046,
12057014007,290400,10140,78438,34.8,1921,0.2500732064421669,0.0198514344262295,0.8106173575902177,0.6834369700395704,0.0174358974358974,9487.884456561513,9609.516126827619,25987.8774966264,20499.193198952435,0,0,0,0,0.0,0,24.438526681000535,0.6021196579534548,26.395616453262747,
12057014122,268200,8334,76375,30.2,1666,0.1539421676721447,0.0293449781659388,0.7446808510638298,0.6558417319895483,0.033048096783712,15633.86043144828,16239.862040093232,28732.480659442175,20004.14553332098,0,0,0,0,0.0,0,12.930497968440063,0.5097110174756895,28.954201177850745,
12057014011,142500,4184,45570,75.1,1089,0.1806883365200765,0.0095602294455066,0.7711610486891386,0.0146056475170399,0.0,17107.16382539227,17308.931919410177,32036.100927461313,24023.404679919837,0,0,0,0,0.0,0,5.1362185193036645,0.4587537577024737,32.32186291327527,
12057014010,193000,2208,46341,72.0,1432,0.1797804208600183,0.0100182149362477,0.8581560283687943,0.0,0.0,14727.114023848379,14510.517244408238,30923.807226400997,24154.607593789275,0,0,0,0,0.0,0,4.55500331686852,0.7055828561033666,31.283969333301876,
12057014009,277700,2251,67417,73.9,1885,0.2576656775469831,0.02542764678687,0.4959758551307847,0.0738963531669865,0.0,14420.61858343946,14689.314044654462,29629.967752301436,22231.097055267186,0,0,0,0,0.0,0,6.963624782046958,0.4905372098511005,29.945319597426952,
12057014014,217000,2142,37222,76.3,3270,0.2037470725995316,0.0088992974238875,0.5957290132547864,0.0146968769136558,0.0,16758.462014874447,16588.39486741704,32604.87359928264,25266.39380580551,0,0,0,0,0.0,0,2.606009465934837,0.7118816783893652,32.936788322929985,
12057013703,264900,8611,73567,30.9,1494,0.2461322081575246,0.0205308696289778,0.5574843483210017,0.4568965517241379,0.0276281901194099,245.55432405137762,1441.6324386264503,11503.877250446923,3358.24649343561,3,10,0,0,0.0,0,6.365340904187734,0.5688276654396212,12.263733759871965,
12057013914,317700,9550,55167,29.8,1171,0.1191124951342935,0.0159709044908285,0.837298541826554,0.5958825772016775,0.0111073712554695,19713.760016537144,19406.703142692662,37058.88798758906,30036.005750484062,0,0,0,0,0.0,0,45.23190635794183,0.5594935066695264,37.425373584284536,
12057014012,235200,2730,63291,73.7,1764,0.2091575091575091,0.0054945054945054,0.9123237277743717,0.1455847255369928,0.0287769784172661,19080.10451823198,19115.551854426365,34164.42782334485,25988.93694960044,0,0,0,0,0.0,0,5.684179212940894,0.4508100760833218,34.44688884235842,
12057013916,295100,17063,110425,35.2,2178,0.2410492733073378,0.0441457206490614,0.8114035087719298,0.6525135869565217,0.0402144772117962,6017.337691222732,5673.465716087838,26568.16314949836,18941.153541363125,0,0,0,0,0.0,0,19.780965657997683,0.6400284235453133,27.12193413315636,
12057013915,340700,10532,110858,38.2,2087,0.2190150478796169,0.037571203490486,0.7098445595854922,0.4824462061155153,0.0390677025527192,3056.3778850682247,2657.7652509757645,22948.000849298835,15324.211756200224,0,0,0,0,0.0,0,10.205703181658434,0.4725805974362061,23.524456340530566,
12057014013,156800,1261,46842,47.6,954,0.0365296803652968,0.0,0.5497237569060773,0.0458937198067632,0.0,20487.419803618744,20981.85077753461,34088.50562956739,24873.927056155906,0,0,0,0,0.0,0,16.551228843510223,0.4995664629333854,34.29528388709201,
12057000101,223500,4169,42121,23.9,1259,0.1786994367639529,0.0247888858621628,0.3171912832929782,0.0979748221127531,0.0535424553812871,1242.7304032247205,857.3747436124004,13183.43268062738,702.3526756533779,3,16,0,2,0.0,0,4.360087846680963,0.6550014355145329,13.392661138718088,
12057010809,316700,2393,42677,28.5,1141,0.2070671378091872,0.0892060660124888,0.2407749077490774,0.0302547770700636,0.0,1017.2417559715313,865.3764830202016,15249.942909796539,2445.2343455370815,2,18,0,0,0.0,0,1.684458556323533,0.6915622171377173,15.504642543972857,
12057012503,297400,5012,83523,42.4,1241,0.2381895332390382,0.0060180541624874,0.6671771311893824,0.036779324055666,0.0054862842892768,6664.172142574582,8429.07032996636,33683.03346678445,16108.46725900866,0,0,0,0,0.0,0,7.343301212922096,0.6031818858064686,34.4648914233264,
12057010817,85500,4801,34606,31.1,984,0.0938578329882677,0.035337552742616,0.3767228177641654,0.1266002844950213,0.0207407407407407,698.0381430989133,859.1706268570299,16193.012474471492,1670.9094971528602,3,2,0,1,0.0,0,1.4146429588881884,0.45801332152082364,16.16518340756719,
12057012209,372700,5286,102734,41.7,1821,0.2318302387267904,0.0270567531896172,0.7489130434782608,0.1622340425531915,0.0171400587659157,4155.628812828776,2617.1941886978093,23656.150069757583,6098.645157425541,0,0,0,0,0.0,0,13.972454401090701,0.5110700488594455,24.449048301070157,
12057012213,250900,4922,79330,39.9,1699,0.1764540601292498,0.0154497881883877,0.7446695095948828,0.1437308868501529,0.0321209258384506,570.6882047313683,787.9826542190776,14726.96225266841,4534.960815154813,2,3,0,0,0.0,0,4.9856258088791625,0.693449169881691,15.516072933854858,
12057013913,350500,13813,98188,37.3,1162,0.1971710244320617,0.0178186251523961,0.830752453653217,0.7041540020263425,0.0427367182905312,10859.07438485844,10402.113382451094,30502.30365020261,23703.14413257516,0,0,0,0,0.0,0,46.030728556949626,0.7595962467818572,30.995136651162696,
12057014008,237300,3155,66026,73.9,3050,0.228526148969889,0.0,0.8561571125265393,0.0291801760074108,0.0385604113110539,13199.878197185577,12913.070950853773,29780.49756193445,23555.040880351822,0,0,0,0,0.0,0,6.979089688503017,0.4651919430735398,30.167545598526054,
12057013917,261500,7152,86667,36.0,1693,0.1882845188284518,0.0337481146304675,0.6476311336717429,0.1042823156225218,0.0226559776925758,3523.504595402154,3396.6093671616864,24542.010381444066,16457.54144757256,0,0,0,0,0.0,0,5.737883833730452,0.6626415362347443,25.12882189356333,
12057013922,422000,8621,127983,30.8,2382,0.2746564268391269,0.0236261813090654,0.7792628594572701,0.2706677265500795,0.0061129090255303,764.0339377866933,672.9080947056004,29015.16744549729,13330.220622373357,5,7,0,0,0.0,0,6.970612048082174,0.4824218216991781,29.768117624888813,
12057011524,302200,4959,59917,38.6,1491,0.2125,0.0170389131936449,0.2699687639446675,0.0057142857142857,0.0,436.9794577622171,215.65860171762296,20405.797191237012,3308.1337456224255,3,7,0,0,0.0,0,2.840159102037775,0.6396660806761314,20.093421458114364,
12057011109,470400,4692,110952,44.6,1769,0.3135323094755143,0.0260078023407022,0.801354401805869,0.3275675675675675,0.0258675078864353,2414.882476424177,799.8500683320276,22587.824184529858,1860.441239432634,0,5,0,2,0.0,0,14.209534759421768,0.5362155104831394,22.39052682149513,
12057005101,395200,3287,90216,34.2,2152,0.4330739299610895,0.0295155598331729,0.185956416464891,0.4625531914893617,0.0126735063367531,473.7964649503081,174.82024198101462,759.4354999083804,1426.5114936944206,12,62,1,1,0.0,0,2.591461853729672,0.6510865184682694,0.24831431540329174,
12057013806,304500,3862,94904,37.6,2283,0.228030303030303,0.0220249835634451,0.8628659476117103,0.6987673343605547,0.0080536912751677,1197.7861105460804,723.0763147727176,18211.403265448356,10708.394583664083,2,1,0,0,0.0,0,5.883533672053351,0.7963643060815921,18.82669030704982,
12057006900,360000,6008,94611,36.2,1482,0.2524148449415353,0.0279842588543944,0.6096854304635762,0.1508289526890416,0.0161630358397751,697.8104829326337,400.810345418534,10876.348017295673,1793.391547694373,3,4,0,2,0.0,0,4.541590104572077,0.614035581372955,10.605582212560506,
12057010814,165100,3210,48617,25.8,1521,0.1888633754305396,0.0569051580698835,0.0912795436022819,0.1429463171036204,0.02803738317757,791.8566083260393,988.1583456024564,14254.825842270437,177.9326448415599,8,10,0,6,0.0,0,0.9104167105708824,0.7414268922809671,14.327991507262194,
12057011304,395500,5841,97266,48.2,1549,0.3432510885341074,0.0243641803804231,0.86123618501842,0.0576064908722109,0.0052029136316337,1195.252708759946,749.9137854670399,12934.74218002023,4387.889460612967,6,6,0,0,0.0,0,6.830879541173717,0.672734596195597,12.600057859377785,
12057000202,157500,5975,35500,28.7,1293,0.0626134301270417,0.0529002320185614,0.3185654008438818,0.0139356078808265,0.0841539838854073,349.3341242063896,658.8122634773639,12605.483031000836,1818.8448704131388,6,3,0,3,0.0,0,2.5574136010492143,0.7667022665176486,12.665799900853946,
12057000201,191700,3340,27375,31.8,914,0.0604118993135011,0.0926715781310585,0.1567489114658926,0.0,0.0426877470355731,642.7408903128457,737.9801135644901,12493.873083388542,2633.8304195236706,13,2,0,0,0.0,0,1.2831070896352026,0.7545950599814217,12.465461923869382,
12057000602,162000,2655,50390,42.2,1142,0.0901814300960512,0.0168105406633348,0.6289370078740157,0.0099728014505893,0.036726128016789,774.5278418440664,952.4726480497312,10018.012880268758,5217.765676718732,11,10,0,0,0.0,0,1.7243469438938168,0.7005597716876016,9.889617930781911,
12057011303,350000,3364,63636,40.2,1127,0.2195676905574516,0.0162947219270279,0.5212355212355212,0.0,0.0214338507021433,1059.454784711321,947.9257383265194,14756.198994005608,4753.663807906862,5,5,0,0,0.0,0,3.04477203997464,0.571009926768205,14.428635729575303,
12057000902,213100,4459,35034,35.9,1123,0.1519024970273484,0.0597652081109925,0.2264822134387351,0.0052928722653493,0.0190964136003726,524.5117492563093,1369.7891000780642,10504.629602070718,3359.9434793510186,6,5,0,0,0.0,0,2.2041404662226887,0.3307874946217146,10.832564808885472,
12057010502,227100,2937,53710,34.1,1120,0.1602182539682539,0.0777223607647547,0.5107334525939177,0.0196721311475409,0.0078853046594982,781.2224988352561,664.4668421302542,9575.350130294379,5340.465818982363,5,3,0,0,0.0,0,3.3184415670317664,0.48645880068591746,10.026540264856596,
12057010501,200100,7550,46160,30.4,1281,0.0821836815135987,0.0456069751844399,0.4093023255813953,0.0125348189415041,0.0,255.61853262641785,473.8873832198396,9084.789911397245,4829.601032574408,7,1,0,0,0.0,0,2.6388819980080016,0.6568007878689367,9.46683774924656,
12057011523,492800,2188,134375,41.7,2188,0.4007434944237918,0.0529925187032419,0.9771341463414634,0.0609756097560975,0.0190615835777126,2541.544949327933,913.5437185597089,22791.806426798943,2233.110533067987,0,3,0,0,0.0,0,4.468810469622229,0.35696589080889446,22.440171815709032,
12057011521,472700,4775,57188,39.3,1268,0.2135479951397327,0.0245231607629427,0.1532912533814247,0.0103697024346257,0.0046104195481788,2320.8482684669684,2360.7611126720826,25563.718978130128,2993.9158360607466,0,0,0,0,0.0,0,7.2543097113642006,0.7878007126213686,25.209013116612734,
12057005302,189300,1914,40487,40.1,1279,0.0988779803646563,0.0736386138613861,0.4491978609625668,0.051373954599761,0.0,1914.0829831163862,1404.5220018492503,2726.5391900788263,2856.719685308028,1,6,0,0,0.0,0,14.835256096936126,0.5127116466937983,3.3709535184102064,
12057013604,139800,1194,46250,47.1,846,0.097130242825607,0.0160642570281124,0.5160550458715596,0.0495049504950495,0.0,3450.479993866055,3317.2069107093685,9655.423232424146,8563.498793202714,0,0,0,0,0.0,0,33.69158136580109,0.38074580858164625,10.220517781583391,
12057005301,585300,4069,108804,34.3,2188,0.5303995367689636,0.0166061235080435,0.2987371744277821,0.3775127768313458,0.0243084660519698,448.1815264693763,123.18741001154893,400.8932182563211,2010.191722997979,10,49,1,0,0.0,0,1.2665063254463704,0.5530655153012972,1.2035159091941736,
12057005900,879800,6463,148017,44.2,2034,0.3545633617859487,0.0286567164179104,0.7640094711917916,0.0991297767688233,0.0090125391849529,1742.7071263400833,1100.1691406214982,9104.355149630488,4557.718555882559,3,2,0,0,0.0,0,5.997438535478587,0.2515511159946532,8.337083104983849,
12057006101,1156700,3298,149894,47.9,1695,0.447503671071953,0.0084417868448821,0.6560240963855422,0.0035623409669211,0.0,200.42164748775295,355.76224526921874,3566.122659228543,1740.7042616264723,6,13,0,2,0.0,0,2.0898549115684326,0.5768762634404073,3.0379135326146267,
12057006802,527700,3094,88432,44.9,1293,0.3892644135188867,0.0041809198023565,0.7875879718490083,0.0344444444444444,0.0140734949179046,294.90633491993214,653.7493073551411,8916.358460893473,3752.849951596335,4,2,0,0,0.0,0,2.5988287363635605,0.629388807347352,8.648864064577051,
12057006700,898100,5986,139609,42.8,1620,0.3612399316573102,0.0035523978685612,0.6841432225063938,0.1848131779831257,0.0,1459.0139357693756,1770.3621232055184,8052.585667752491,2550.5880959866745,5,2,0,0,0.0,0,4.104742940857595,0.7007662812977624,7.625005033114092,
12057006501,343600,3522,61731,40.4,1324,0.3070921985815603,0.0318044861064613,0.453023758099352,0.0397521941146102,0.0044472681067344,587.8004353200646,1417.0484628780262,10158.929083913701,542.0365969828936,3,3,0,1,0.0,0,1.8167629454718015,0.6857928669833615,9.58287224096761,
12057007103,297700,4067,100000,36.4,1838,0.2114637305699482,0.0148514851485148,0.5402597402597402,0.0269113149847094,0.0,751.761772716094,658.7239550738609,11714.015748523922,1970.8673929338763,5,3,0,1,0.0,0,2.4973721727182356,0.5941361253552392,11.232632174031876,
12057007200,363700,4843,91696,35.0,1726,0.2387036459956372,0.0365235937083444,0.5177165354330708,0.3389175257731959,0.0160405234276065,1218.2966018408897,309.51920351553446,15058.184518098733,3927.8912304979176,1,3,0,0,0.0,0,8.954446346251201,0.339608779660501,14.61863414520825,
12057007102,825800,4114,83201,30.5,1842,0.3539270456786066,0.0,0.2419730107026524,0.427807486631016,0.0174418604651162,1267.7663128053232,1100.0882240457358,12460.508180208511,2391.7004804420008,3,4,0,0,0.0,0,3.0498221734602216,0.26205256541320643,11.93239858195961,
12057007002,333800,3060,55943,30.9,1183,0.2541871921182266,0.019659239842726,0.3189720332577475,0.2465277777777778,0.0042826552462526,601.2282842811262,981.7060317246184,12228.668880417228,1815.6129361848302,7,4,0,2,0.0,0,1.7337976405765605,0.7507346994846419,11.852822125585664,
12057007001,259700,4098,67045,37.7,1569,0.2294636795655125,0.0668886198547215,0.5214285714285715,0.2756147540983606,0.0,1063.8963758524158,1014.8351798084275,10781.589561689367,1854.6133602238115,7,3,0,1,0.0,0,3.073509050542098,0.7280441223233322,10.343563898581863,
12057010211,431000,5288,110313,40.0,1424,0.3358967316671244,0.0311518956773726,0.6760421898543445,0.0,0.0049455984174085,1855.9873766268606,1518.2129908937598,25128.90986899526,10706.205097490109,1,2,0,0,0.0,0,7.821787288689995,0.1942757769252459,25.41785582746755,
12057010212,433800,5034,120169,43.3,2204,0.3544486035128131,0.0486059708857636,0.7412429378531074,0.0530927835051546,0.0165745856353591,890.455905672427,1422.990843511836,27464.675227056163,13961.05310986372,5,1,0,0,0.0,0,5.231507433538078,0.295273600421066,27.83308254654695,
12057010210,452600,5218,104286,35.7,1496,0.3002001334222815,0.033075486796479,0.5116279069767442,0.1827548806941431,0.023076923076923,729.9583496466139,1642.4993494864746,29112.624992070636,16164.932375593171,3,1,0,0,0.0,0,4.740219961825405,0.5289730298685045,29.523866329585957,
12057011016,407500,4182,111053,34.9,1784,0.3321616871704745,0.0224390243902439,0.5257595772787318,0.1628930817610062,0.0118413262285375,1124.6608818968407,3127.1070655010003,21018.31963150326,6423.535646727443,3,0,0,0,0.0,0,7.021948706536847,0.37057377742358544,21.26696874330896,
12057011522,532000,5005,166055,45.3,1429,0.3681142524045467,0.0364152892561983,0.8858075040783034,0.1668437832093517,0.0065104166666666,1055.2852710668024,965.5020032989627,25475.09635717431,1882.2668895956201,2,1,0,1,0.0,0,11.345944569786983,0.34323603412687775,25.195335359269343,
12057011418,366900,3687,71429,54.3,1594,0.2753339850114044,0.0137530562347188,0.7659446450060169,0.0393162393162393,0.0,1351.1252028902252,395.0214934643453,18064.536465550795,6439.894451487606,4,7,0,0,0.0,0,3.900401510432244,0.48481643944035924,17.631297014771064,
12057005401,902500,5449,114519,47.3,1379,0.3725839267548321,0.0313707660832007,0.604943443653121,0.0590669676448457,0.0234975146859466,2535.3025605436974,1057.0102063634474,3717.5904852065746,2122.346433524021,0,5,0,0,0.0,0,6.636796256422354,0.6519089385014447,3.746919536076741,
12057006400,828200,4306,175288,41.3,1804,0.3598049460118425,0.0,0.9216589861751152,0.1910828025477707,0.0210589651022864,1465.35204653518,2447.240343359585,9501.579126474933,2427.212961638192,5,0,0,0,0.0,0,3.3820350267661854,0.7280021956560385,8.82875913027156,
12057011417,277500,5846,56021,31.6,1545,0.3355874894336433,0.0312281519459333,0.4669299111549851,0.0093764650726676,0.0070021881838074,429.09559011632666,357.8619029354525,17890.761445324628,5238.210091782793,3,9,0,0,0.0,0,3.0522821710724526,0.5158785984222654,17.4067737786726,
12057011518,599600,4110,141338,47.9,1125,0.3052464228934817,0.0278583865351131,0.9234449760765552,0.0709173715029277,0.0292915531335149,3781.05856559422,2599.8971039416615,27335.781560855758,6797.507409158301,0,0,0,0,0.0,0,30.144650265079807,0.5180428678910386,26.76185553492755,
12057011519,468700,2030,142708,45.0,1791,0.4018629407850965,0.0299328039095907,0.9284802043422732,0.0242656449553001,0.0127020785219399,2780.5106208101674,1465.4477936044646,24266.569323970496,2313.633379250955,0,1,0,0,0.0,0,5.155678449710007,0.7231082953707552,23.540206340795358,
12057011615,254000,4997,62528,30.2,1579,0.1241513094083414,0.021438263229308,0.4217647058823529,0.0968085106382978,0.0096,1569.212522540119,204.5159803594947,17116.87594262319,1841.9586331979438,2,4,0,1,0.0,0,1.9316275086643602,0.6203490127244683,16.364560443400414,
12057012108,245500,3850,70417,32.4,1500,0.1797988264878457,0.0170394036208732,0.8140703517587939,0.1939586645468998,0.0381944444444444,272.77993554843493,605.285700403229,19595.332767854812,7379.539290973847,3,5,0,0,0.0,0,3.4561719056728104,0.4738867452774619,20.34109223352674,
12057012107,223800,4589,43205,44.7,1183,0.1133032694475761,0.0226578411405295,0.5919568415890142,0.0508550855085508,0.012965964343598,1548.674459004593,933.6210675148562,18167.522067269143,7078.185785955385,4,4,0,0,0.0,0,7.014285729805222,0.705761913160438,18.913325237293854,
12057012210,227300,5916,72941,44.4,1289,0.2077583962509763,0.0206654267410622,0.7716165413533834,0.1031746031746031,0.0108527131782945,1833.716406626042,1272.8821051761088,23509.89001976453,4950.180642460619,1,1,0,0,0.0,0,5.154750399179655,0.5248736881066876,24.313483648475643,
12057013319,234000,6150,66754,35.5,1708,0.361026837806301,0.0285714285714285,0.4062390466175955,0.3278331257783312,0.0,1503.795396825463,719.9840506840711,13903.96086743423,2905.695164818017,2,4,0,0,0.0,0,3.9762829484647337,0.4640135076218822,14.674365642651225,
12057013315,162700,4783,69173,29.7,1649,0.2971764048084987,0.0334916864608076,0.0474212530287296,0.329241422725842,0.0110327919092859,2168.5322596668757,835.0612680031152,12111.348779267157,980.8776739972956,0,1,0,1,0.0,0,7.0924482776433955,0.787188378686541,12.915257020035988,
12057012504,310000,3711,94754,39.0,1746,0.2629809488233097,0.0515182531559194,0.903971119133574,0.1711191335740072,0.0190274841437632,6245.245080473686,6609.751216693312,32629.05570709577,14606.11459995663,0,0,0,0,0.0,0,4.48088319975242,0.608791627366922,33.42071203641267,
12057013322,273400,7182,75781,37.3,1715,0.2315992292870905,0.0068289266328138,0.4467559943582511,0.0197044334975369,0.0105064655172413,1044.8399007705616,713.7760330170563,17293.462188444337,4517.056642306272,8,6,0,0,0.0,0,4.532619042402438,0.467315385352622,18.069759507790994,
12057011205,293700,3309,95909,40.2,1382,0.2973202892386218,0.0159680638722554,0.875,0.0309205903021784,0.0185029436501261,586.1129743540988,209.76961158574275,14386.454469917757,2932.9533899515445,4,4,0,0,0.0,0,3.3163219769646277,0.7029388237276478,14.17596796156246,
12057013206,358100,5025,102542,45.8,2269,0.3260453675867723,0.0127508854781582,0.8247529901196048,0.0396586345381526,0.0215796288303841,926.1562164426057,1626.8608552957166,24526.700469409232,6786.811688991723,3,1,0,0,0.0,0,6.879053787269442,0.6538991335723888,25.322689111623454,
12057001600,368800,2235,81154,38.2,1073,0.3724928366762177,0.0178671133445002,0.7997946611909651,0.0271281571562207,0.0135527589545014,146.87352359445202,411.18703628348806,6754.010894181904,3344.8499492538417,8,12,0,0,0.0,0,1.680747095127044,0.6919256326893853,6.6550819821593885,
12057011802,236800,6114,49293,51.3,1176,0.1144626448262085,0.012532637075718,0.7729977116704806,0.0253508374830239,0.0485240598463404,624.5639738996038,550.298568540835,9929.203135956428,1775.2054238605183,6,3,0,1,0.0,0,4.271226406466274,0.7705067008408687,9.301844487580361,
12057010701,353500,5542,82101,36.5,1426,0.2710450873077925,0.0150232754972492,0.6541881141787552,0.0,0.0,833.4698776125379,482.89080050765546,14605.866832639495,4032.670424175609,5,10,0,0,0.0,0,4.8012134303823,0.5889944067828704,14.97440049122337,
12057011010,224400,5529,50885,25.2,993,0.1794687724335965,0.0164185639229422,0.4789708065314201,0.0869753353526611,0.0,2518.2459855340107,2390.9179130786806,18366.505177857794,2798.480613024859,0,0,0,0,0.0,0,6.838734614067743,0.6558396134019459,18.446815994424977,
12057012403,234000,6368,73750,35.3,1155,0.0903057596586869,0.0243055555555555,0.7872795296632816,0.1821339950372208,0.0010838150289017,5778.577599291352,3161.813224274206,29817.7483974866,11361.742784081578,0,0,0,0,0.0,0,29.89804840721433,0.6259504174377675,30.618510127342617,
12057010702,281900,3741,96250,34.2,1614,0.2714285714285714,0.0337837837837837,0.6952209197475203,0.0,0.0118085767557489,836.1439960946556,395.25430004904877,13309.075905421998,3829.716501933404,8,14,0,0,0.0,0,3.3578268325424134,0.394989055963644,13.696199331163491,
12057012001,183400,2595,55781,45.0,1365,0.1444906444906445,0.0454115421002838,0.7286892758936755,0.0356294536817102,0.0052192066805845,40.97894903988293,1859.3518476373006,8861.90075858686,8505.148824371036,2,1,0,0,0.0,0,10.019346992836763,0.5276543058616354,9.504554547001666,
12057012002,133100,4154,39594,31.6,1204,0.10347551342812,0.0335747202106649,0.5815654718361375,0.0323024054982817,0.024025974025974,534.6212805634873,1167.0674231095038,8543.838558985623,7146.854160121664,2,3,0,0,0.0,0,7.097928582823287,0.5207312630918227,9.276918092548895,
12057012103,134400,7510,71157,31.6,1478,0.0871882327861863,0.055918663761801,0.4704499664204163,0.1817890349470984,0.0149114631873252,2190.6461636372164,2360.8680382207444,12680.952224860088,6851.960844025864,0,0,0,0,0.0,0,12.682327356555307,0.7383188136946571,13.412707701752105,
12057012206,274500,6221,92901,44.2,1808,0.2255417630969913,0.083542835041578,0.8470017636684304,0.0693568726355611,0.0026425066062665,1494.3684968217847,758.8130727332648,17068.2133980907,4290.248063180831,3,5,0,0,0.0,0,6.141183128756422,0.7365319903810925,17.85269771650946,
12057011003,202500,5492,39704,39.5,1227,0.1852854330708661,0.0412678153584343,0.3638773191972738,0.0152618799861255,0.0237659963436928,1274.860683575884,1038.2958806168776,17896.616675635953,2474.7727398062166,1,1,0,0,0.0,0,7.182541777951779,0.7350567622743576,17.88191197565003,
12057011005,456600,2789,97813,44.8,1234,0.2609744331886155,0.0093374833259226,0.875,0.0288739172281039,0.0259740259740259,1900.241710370994,1894.760220320014,26102.223874318624,6866.797533934827,1,1,0,0,0.0,0,12.764551890594442,0.7330056607574018,26.053336420844545,
12057011006,346500,6718,87433,36.6,2170,0.2001815705855651,0.0089144215530903,0.892606361007848,0.1404068607897886,0.0164796633941093,3140.6478436822554,2164.401037494586,24505.081256941747,8228.977589566859,0,0,0,0,0.0,0,24.53995720791605,0.38936887209398613,24.52463875867925,
12057011008,485100,7544,96250,35.4,1783,0.3168451801363194,0.0536016232668244,0.4242884250474383,0.0828979449669104,0.0086206896551724,1739.368384843366,1565.515788040664,22893.764941066012,7348.2070887533,4,1,0,0,0.0,0,28.652795917576224,0.5384599250588447,23.030770108778892,
12057012208,292900,6008,113333,42.2,2555,0.3354499671556821,0.0208689053310567,0.9246208742194468,0.1258650519031142,0.0272577996715927,1608.4030432675575,529.7124131641926,20915.52541490058,3687.211162607709,1,6,0,0,0.0,0,6.956408625646386,0.5457613922799815,21.71099874004427,
12057012301,225900,6513,67848,43.0,1107,0.2026336477987421,0.0125130344108446,0.6633999246136449,0.0131233595800524,0.0,765.0284814352116,667.3615778648888,16909.76499823726,2225.755611650507,5,2,0,0,0.0,0,7.535875242561955,0.7833106701700703,17.71208683873041,
12057012303,234700,4034,67816,37.4,1419,0.1840469613259668,0.0317790317790317,0.5700185070943862,0.0564042303172738,0.031031031031031,257.7038176789943,562.5024696945758,18731.879801298062,1432.088001576606,4,5,0,2,0.0,0,2.537789663204832,0.5890755463692579,19.534131337635582,
12057012401,241600,4963,46176,39.0,764,0.0879120879120879,0.0277283134062579,0.6594803758982863,0.054460580912863,0.053757225433526,2616.817524597145,1922.8825964032917,27490.451948348888,12145.023051140446,0,1,0,0,0.0,0,21.43955935058051,0.7745067330060879,28.239678301185247,
12057012207,252700,7931,80405,39.9,2143,0.2571581006580117,0.0284396617986164,0.8558813140233134,0.0806837606837606,0.0144260282381829,1089.122039377808,895.7911113946411,20098.887198424665,4827.494238695097,2,9,0,0,0.0,0,8.117212706109527,0.5551677888608263,20.88034064156641,
12057012402,284900,3079,75146,35.2,907,0.1011419249592169,0.0366935483870967,0.6956004756242569,0.0606995884773662,0.0,1186.0396719960618,2735.883838182586,26941.339384796338,9765.842469844953,1,0,0,0,0.0,0,20.11853409932351,0.6728660242639205,27.72366499475547,
12057012800,179400,3737,60807,38.9,1397,0.1684704184704184,0.0423400129282482,0.7661795407098121,0.1159420289855072,0.0,11645.252457179273,12885.78392591187,38573.79753773354,21911.73026660928,0,0,0,0,0.0,0,5.7006063183057725,0.6718817692839434,39.330221447262566,
12057012501,154500,4088,49018,38.2,1234,0.1476077366813709,0.0176488184265629,0.6531871144619602,0.0418552036199095,0.0,4331.639506265884,6038.789938120643,31463.6845452394,14504.622809499893,0,0,0,0,0.0,0,20.0085958801913,0.3148650825595168,32.2353450041956,
12057012600,213000,5219,47435,40.7,1313,0.1448111804936069,0.009540547326136,0.7039800995024875,0.0582392776523702,0.0987961809879618,8956.872530059389,10654.40402519383,36093.09743692395,18766.319908465397,0,0,0,0,0.0,0,6.414364046449057,0.4871662197848328,36.867599109927,
12057011103,391600,3757,119034,44.1,1203,0.2496234939759036,0.0268342391304347,0.929368029739777,0.0431286549707602,0.0355329949238578,1053.895835385486,251.7296369195178,25643.82931799834,3952.065775407415,2,2,0,0,0.0,0,11.724888325511264,0.644391457186196,25.498101396414942,
12057011106,329000,2493,56638,29.7,1230,0.2483994878361075,0.0537745604963805,0.2862385321100917,0.0043936731107205,0.0103174603174603,1232.3942645794286,445.331355872331,20693.53681437616,2890.205411627822,2,7,0,0,0.0,0,1.1689244309825524,0.8080899751849292,20.427842291849174,
12057011107,389000,6363,79622,43.6,1202,0.2730086669418077,0.0134003350083752,0.7946257197696737,0.0691980127750177,0.0042268404367735,1588.395343222396,1087.7609631937444,19442.28660701186,3649.3079106179252,2,5,0,0,0.0,0,11.389831498306368,0.41311833719318686,19.23472433164736,
12057011108,278900,1685,75795,59.4,1279,0.2377572746628814,0.032258064516129,0.8283093053735255,0.1352009744214372,0.0,677.7130047517724,1009.9224497791135,18350.301425771762,1937.4884237460199,4,1,0,1,0.0,0,4.414543009126087,0.36440789107520677,18.212432975105898,
12057011204,246200,5749,65762,38.5,1226,0.1399157697707066,0.0143931256713211,0.7402433906840118,0.0147286821705426,0.0,1348.8832875583537,1144.6486684547988,16340.137292763206,684.5057080773555,3,2,0,1,0.0,0,5.6715013219275505,0.7100163490686754,16.19914293813206,
12057011206,188600,3727,46125,35.3,1020,0.1476705490848585,0.0201944652206432,0.52046783625731,0.019659239842726,0.0315944158706833,600.8264616508116,1030.284000484177,14174.453734373234,2354.3967459085243,5,3,0,0,0.0,0,2.6259829719885692,0.775314411585496,14.051133761305222,
12057011301,342600,3655,89348,49.6,1588,0.3030630630630631,0.0277867528271405,0.8436578171091446,0.0877551020408163,0.0,2303.15819923588,1981.8486881110819,16840.216082528277,4280.730164282271,0,1,0,0,0.0,0,4.478507728752086,0.6527755909938666,16.530869598139503,
12057012701,130900,6730,62683,31.5,1176,0.076089760123807,0.0195402298850574,0.4309683604985618,0.0842198581560283,0.0119384228715048,7258.00121502443,8442.167539242997,34128.665808423386,17654.474581207425,0,0,0,0,0.0,0,7.8634556912124935,0.5126271092456999,34.886250925479025,
12057012702,220700,3938,54504,36.5,1105,0.1287711552612215,0.0148339245404708,0.4740843123704215,0.0079787234042553,0.0,9944.9801175847,11177.823979109806,36865.17498893332,20252.56310534572,0,0,0,0,0.0,0,4.028130034575016,0.5947360947162129,37.622326979970495,
12057010810,304500,3922,57629,31.1,1400,0.3110949963741842,0.0316529894490035,0.182971972501322,0.1598086124401914,0.0087479496992892,1682.8452479696134,995.0823924056707,17012.334518404772,6005.842020636373,2,4,0,0,0.0,0,4.904732762803728,0.5186866045506957,17.406546908895972,
12057010213,231600,1972,69455,46.5,1401,0.1850101282916948,0.077658303464755,0.6689280868385346,0.0478527607361963,0.0679245283018867,1679.7726356946885,1764.5148301037004,20889.37471958203,10461.411934193246,1,1,0,0,0.0,0,26.09594144941506,0.32267054237530757,21.371824654217978,
12057010811,257600,6992,48050,31.4,1260,0.2293298520452567,0.0321527664436102,0.3260598503740648,0.0092485549132947,0.0411663807890223,1432.9641905411893,1268.6368357400806,15813.472716857234,3987.7818237780198,2,3,0,0,0.0,0,3.6114791071848167,0.3229461406693953,16.13658781717727,
12057001002,174700,5377,43672,37.5,1410,0.0974748846049416,0.0402126184423388,0.6922677737415672,0.0061262959472196,0.0788177339901477,454.7849100850228,1142.0747600589623,7559.414926629104,5865.328464851926,13,4,0,0,0.0,0,3.7215663487811423,0.5646297764823733,7.925938858537538,
12057012900,110500,3109,48994,39.1,1112,0.0251233737101839,0.0388429752066115,0.4955436720142602,0.0,0.0066914498141263,11036.728525345072,12685.824414620341,38174.47574751694,20814.288751154847,0,0,0,0,0.0,0,4.745127958251919,0.7717670642518638,38.94812793788394,
12057013001,181400,4029,66250,31.0,1295,0.0815709969788519,0.0555555555555555,0.674979887369268,0.1051419800460475,0.0074285714285714,14920.881102231062,16508.40956110324,42057.90954141899,24657.066466910543,0,0,0,0,0.0,0,29.97189559253638,0.748942936713103,42.830026633345575,
12057013002,221700,5566,66833,38.2,1024,0.1520799567801188,0.019781718963165,0.7235632183908046,0.2432578209277238,0.0275339185953711,13295.410980625535,13845.510217862105,40089.08477781138,21994.323630523955,0,0,0,0,0.0,0,24.27374552792481,0.4551546638844059,40.87936521801878,
12057013003,271300,4055,58299,34.6,1110,0.0945894816496405,0.0257214554579673,0.560899922420481,0.1718188353702372,0.0,9326.486808464811,8708.681759684816,35267.013565732515,16906.396465694506,0,0,0,0,0.0,0,17.359551027551095,0.5988019456082205,36.064690654267864,
12057013004,357500,3736,94079,45.6,1224,0.2686084142394822,0.0162178702570379,0.7781155015197568,0.1176470588235294,0.0086621751684311,14398.161190795927,13925.111950109602,40622.702571943635,22068.47839073157,0,0,0,0,0.0,0,32.04933001939008,0.6081013380009037,41.42416224757233,
12057013409,317200,5705,99235,42.4,2244,0.2986842105263158,0.0252590673575129,0.8247126436781609,0.0472008781558726,0.0098743267504488,613.8101683726176,1415.771366302517,25677.615932037723,9216.134405312423,1,2,0,0,0.0,0,6.515315059487455,0.36208613890651065,26.453139865139352,
12057011905,255100,1994,49902,38.0,1255,0.2603359173126615,0.0029498525073746,0.3554327808471454,0.0078492935635792,0.0113636363636363,161.09183940175888,993.5491844898971,7859.992331318675,1524.5721582968215,11,4,0,2,0.0,0,0.8505767668023635,0.5075424143796259,7.409755570074726,
